City/District,Waste Type,Waste Generated (Tons/Day),Recycling Rate (%),Population Density (People/km²),Municipal Efficiency Score (1-10),Disposal Method,Cost of Waste Management (₹/Ton),Awareness Campaigns Count,Landfill Name,"Landfill Location (Lat, Long)",Landfill Capacity (Tons),Year
Mumbai,Plastic,6610,68,11191,9,Composting,3056,14,Mumbai Landfill,"22.4265, 77.4931",45575,2019
Mumbai,Organic,1181,56,11191,5,Composting,2778,12,Mumbai Landfill,"22.4265, 77.4931",45575,2019
Mumbai,E-Waste,8162,53,11191,8,Incineration,3390,13,Mumbai Landfill,"22.4265, 77.4931",45575,2019
Mumbai,Construction,8929,56,11191,5,Landfill,1498,14,Mumbai Landfill,"22.4265, 77.4931",45575,2019
Mumbai,Hazardous,5032,44,11191,7,Recycling,2221,16,Mumbai Landfill,"22.4265, 77.4931",45575,2019
Mumbai,Plastic,7456,73,11191,9,Landfill,3195,6,Mumbai Landfill,"22.4265, 77.4931",45575,2020
Mumbai,Organic,7118,37,11191,6,Composting,3686,14,Mumbai Landfill,"22.4265, 77.4931",45575,2020
Mumbai,E-Waste,9189,57,11191,10,Landfill,1791,12,Mumbai Landfill,"22.4265, 77.4931",45575,2020
Mumbai,Construction,8609,48,11191,8,Incineration,1681,20,Mumbai Landfill,"22.4265, 77.4931",45575,2020
Mumbai,Hazardous,6632,71,11191,6,Incineration,2311,12,Mumbai Landfill,"22.4265, 77.4931",45575,2020
Mumbai,Plastic,6932,81,11191,10,Incineration,2543,16,Mumbai Landfill,"22.4265, 77.4931",45575,2021
Mumbai,Organic,4171,44,11191,9,Incineration,4756,14,Mumbai Landfill,"22.4265, 77.4931",45575,2021
Mumbai,E-Waste,5095,30,11191,10,Composting,3586,2,Mumbai Landfill,"22.4265, 77.4931",45575,2021
Mumbai,Construction,3514,77,11191,9,Incineration,3520,0,Mumbai Landfill,"22.4265, 77.4931",45575,2021
Mumbai,Hazardous,4505,54,11191,10,Composting,3655,4,Mumbai Landfill,"22.4265, 77.4931",45575,2021
Mumbai,Plastic,2501,41,11191,9,Recycling,1194,4,Mumbai Landfill,"22.4265, 77.4931",45575,2022
Mumbai,Organic,3348,79,11191,6,Incineration,2383,10,Mumbai Landfill,"22.4265, 77.4931",45575,2022
Mumbai,E-Waste,6915,41,11191,9,Incineration,2324,1,Mumbai Landfill,"22.4265, 77.4931",45575,2022
Mumbai,Construction,5862,48,11191,7,Landfill,2867,19,Mumbai Landfill,"22.4265, 77.4931",45575,2022
Mumbai,Hazardous,4856,74,11191,10,Landfill,826,1,Mumbai Landfill,"22.4265, 77.4931",45575,2022
Mumbai,Plastic,6569,48,11191,5,Landfill,4287,16,Mumbai Landfill,"22.4265, 77.4931",45575,2023
Mumbai,Organic,7809,35,11191,8,Recycling,3128,7,Mumbai Landfill,"22.4265, 77.4931",45575,2023
Mumbai,E-Waste,7232,82,11191,6,Landfill,1565,9,Mumbai Landfill,"22.4265, 77.4931",45575,2023
Mumbai,Construction,4039,54,11191,9,Recycling,1252,12,Mumbai Landfill,"22.4265, 77.4931",45575,2023
Mumbai,Hazardous,7077,70,11191,9,Incineration,2850,5,Mumbai Landfill,"22.4265, 77.4931",45575,2023
Delhi,Plastic,1061,59,14376,5,Landfill,4240,1,Delhi Landfill,"30.2591, 91.9376",74509,2019
Delhi,Organic,2224,84,14376,10,Landfill,3219,4,Delhi Landfill,"30.2591, 91.9376",74509,2019
Delhi,E-Waste,2395,43,14376,5,Composting,2005,1,Delhi Landfill,"30.2591, 91.9376",74509,2019
Delhi,Construction,1887,80,14376,7,Incineration,4307,4,Delhi Landfill,"30.2591, 91.9376",74509,2019
Delhi,Hazardous,4158,48,14376,5,Composting,4183,6,Delhi Landfill,"30.2591, 91.9376",74509,2019
Delhi,Plastic,763,75,14376,5,Recycling,1337,20,Delhi Landfill,"30.2591, 91.9376",74509,2020
Delhi,Organic,7143,69,14376,9,Landfill,682,16,Delhi Landfill,"30.2591, 91.9376",74509,2020
Delhi,E-Waste,7516,84,14376,5,Composting,620,18,Delhi Landfill,"30.2591, 91.9376",74509,2020
Delhi,Construction,3125,77,14376,8,Recycling,4345,5,Delhi Landfill,"30.2591, 91.9376",74509,2020
Delhi,Hazardous,6574,84,14376,8,Incineration,913,20,Delhi Landfill,"30.2591, 91.9376",74509,2020
Delhi,Plastic,3407,82,14376,10,Composting,2802,4,Delhi Landfill,"30.2591, 91.9376",74509,2021
Delhi,Organic,9617,36,14376,6,Recycling,2676,5,Delhi Landfill,"30.2591, 91.9376",74509,2021
Delhi,E-Waste,1426,38,14376,5,Composting,1674,2,Delhi Landfill,"30.2591, 91.9376",74509,2021
Delhi,Construction,8566,34,14376,8,Landfill,2594,19,Delhi Landfill,"30.2591, 91.9376",74509,2021
Delhi,Hazardous,2873,76,14376,8,Incineration,1904,16,Delhi Landfill,"30.2591, 91.9376",74509,2021
Delhi,Plastic,6770,66,14376,10,Landfill,3496,2,Delhi Landfill,"30.2591, 91.9376",74509,2022
Delhi,Organic,8105,40,14376,8,Recycling,3175,12,Delhi Landfill,"30.2591, 91.9376",74509,2022
Delhi,E-Waste,6564,72,14376,7,Recycling,4437,13,Delhi Landfill,"30.2591, 91.9376",74509,2022
Delhi,Construction,7226,48,14376,8,Incineration,2360,11,Delhi Landfill,"30.2591, 91.9376",74509,2022
Delhi,Hazardous,3464,32,14376,6,Incineration,2523,1,Delhi Landfill,"30.2591, 91.9376",74509,2022
Delhi,Plastic,2397,67,14376,9,Landfill,3644,0,Delhi Landfill,"30.2591, 91.9376",74509,2023
Delhi,Organic,9092,71,14376,6,Landfill,2194,14,Delhi Landfill,"30.2591, 91.9376",74509,2023
Delhi,E-Waste,7257,32,14376,5,Incineration,3259,5,Delhi Landfill,"30.2591, 91.9376",74509,2023
Delhi,Construction,8220,66,14376,6,Incineration,1687,10,Delhi Landfill,"30.2591, 91.9376",74509,2023
Delhi,Hazardous,3054,32,14376,9,Landfill,1135,7,Delhi Landfill,"30.2591, 91.9376",74509,2023
Bengaluru,Plastic,7843,36,18195,10,Incineration,4211,13,Bengaluru Landfill,"15.7581, 85.4837",52609,2019
Bengaluru,Organic,8884,32,18195,6,Incineration,4262,17,Bengaluru Landfill,"15.7581, 85.4837",52609,2019
Bengaluru,E-Waste,2167,61,18195,6,Recycling,4554,0,Bengaluru Landfill,"15.7581, 85.4837",52609,2019
Bengaluru,Construction,4750,31,18195,7,Composting,4444,2,Bengaluru Landfill,"15.7581, 85.4837",52609,2019
Bengaluru,Hazardous,8952,43,18195,5,Recycling,2956,0,Bengaluru Landfill,"15.7581, 85.4837",52609,2019
Bengaluru,Plastic,7075,84,18195,6,Incineration,4993,15,Bengaluru Landfill,"15.7581, 85.4837",52609,2020
Bengaluru,Organic,3653,83,18195,5,Composting,3975,1,Bengaluru Landfill,"15.7581, 85.4837",52609,2020
Bengaluru,E-Waste,5477,40,18195,10,Incineration,3064,14,Bengaluru Landfill,"15.7581, 85.4837",52609,2020
Bengaluru,Construction,6105,83,18195,6,Incineration,2320,18,Bengaluru Landfill,"15.7581, 85.4837",52609,2020
Bengaluru,Hazardous,941,63,18195,5,Landfill,3733,6,Bengaluru Landfill,"15.7581, 85.4837",52609,2020
Bengaluru,Plastic,798,36,18195,8,Incineration,2456,11,Bengaluru Landfill,"15.7581, 85.4837",52609,2021
Bengaluru,Organic,994,51,18195,6,Recycling,2169,15,Bengaluru Landfill,"15.7581, 85.4837",52609,2021
Bengaluru,E-Waste,8114,56,18195,8,Recycling,4323,6,Bengaluru Landfill,"15.7581, 85.4837",52609,2021
Bengaluru,Construction,6555,34,18195,7,Composting,2973,17,Bengaluru Landfill,"15.7581, 85.4837",52609,2021
Bengaluru,Hazardous,4008,47,18195,10,Incineration,3873,5,Bengaluru Landfill,"15.7581, 85.4837",52609,2021
Bengaluru,Plastic,3739,43,18195,5,Recycling,2073,9,Bengaluru Landfill,"15.7581, 85.4837",52609,2022
Bengaluru,Organic,909,54,18195,10,Composting,1000,20,Bengaluru Landfill,"15.7581, 85.4837",52609,2022
Bengaluru,E-Waste,5864,51,18195,9,Landfill,4645,19,Bengaluru Landfill,"15.7581, 85.4837",52609,2022
Bengaluru,Construction,512,65,18195,6,Incineration,3796,17,Bengaluru Landfill,"15.7581, 85.4837",52609,2022
Bengaluru,Hazardous,902,85,18195,7,Landfill,1379,14,Bengaluru Landfill,"15.7581, 85.4837",52609,2022
Bengaluru,Plastic,5280,68,18195,9,Landfill,2386,10,Bengaluru Landfill,"15.7581, 85.4837",52609,2023
Bengaluru,Organic,7135,79,18195,5,Incineration,3919,17,Bengaluru Landfill,"15.7581, 85.4837",52609,2023
Bengaluru,E-Waste,7667,81,18195,6,Landfill,2745,10,Bengaluru Landfill,"15.7581, 85.4837",52609,2023
Bengaluru,Construction,3159,43,18195,10,Recycling,4007,7,Bengaluru Landfill,"15.7581, 85.4837",52609,2023
Bengaluru,Hazardous,5891,59,18195,7,Incineration,2202,15,Bengaluru Landfill,"15.7581, 85.4837",52609,2023
Chennai,Plastic,6159,74,21430,10,Composting,3282,13,Chennai Landfill,"29.4633, 80.8873",65486,2019
Chennai,Organic,6358,53,21430,5,Composting,4225,1,Chennai Landfill,"29.4633, 80.8873",65486,2019
Chennai,E-Waste,6787,50,21430,5,Landfill,1623,7,Chennai Landfill,"29.4633, 80.8873",65486,2019
Chennai,Construction,628,41,21430,10,Recycling,837,7,Chennai Landfill,"29.4633, 80.8873",65486,2019
Chennai,Hazardous,1639,50,21430,9,Composting,3225,19,Chennai Landfill,"29.4633, 80.8873",65486,2019
Chennai,Plastic,1760,68,21430,8,Incineration,2871,18,Chennai Landfill,"29.4633, 80.8873",65486,2020
Chennai,Organic,6805,32,21430,5,Composting,1988,3,Chennai Landfill,"29.4633, 80.8873",65486,2020
Chennai,E-Waste,5763,67,21430,5,Landfill,1453,0,Chennai Landfill,"29.4633, 80.8873",65486,2020
Chennai,Construction,8100,76,21430,9,Incineration,2855,1,Chennai Landfill,"29.4633, 80.8873",65486,2020
Chennai,Hazardous,651,46,21430,8,Recycling,533,7,Chennai Landfill,"29.4633, 80.8873",65486,2020
Chennai,Plastic,4648,60,21430,9,Landfill,1389,0,Chennai Landfill,"29.4633, 80.8873",65486,2021
Chennai,Organic,8394,72,21430,6,Incineration,4236,15,Chennai Landfill,"29.4633, 80.8873",65486,2021
Chennai,E-Waste,4255,31,21430,6,Landfill,3888,17,Chennai Landfill,"29.4633, 80.8873",65486,2021
Chennai,Construction,4259,65,21430,7,Composting,1620,10,Chennai Landfill,"29.4633, 80.8873",65486,2021
Chennai,Hazardous,552,31,21430,7,Incineration,2450,2,Chennai Landfill,"29.4633, 80.8873",65486,2021
Chennai,Plastic,1858,61,21430,5,Incineration,4476,3,Chennai Landfill,"29.4633, 80.8873",65486,2022
Chennai,Organic,5933,71,21430,8,Recycling,3180,20,Chennai Landfill,"29.4633, 80.8873",65486,2022
Chennai,E-Waste,7231,36,21430,7,Incineration,3588,12,Chennai Landfill,"29.4633, 80.8873",65486,2022
Chennai,Construction,8389,79,21430,10,Incineration,3449,20,Chennai Landfill,"29.4633, 80.8873",65486,2022
Chennai,Hazardous,6393,53,21430,7,Landfill,764,16,Chennai Landfill,"29.4633, 80.8873",65486,2022
Chennai,Plastic,4234,44,21430,8,Composting,3634,19,Chennai Landfill,"29.4633, 80.8873",65486,2023
Chennai,Organic,7743,64,21430,7,Recycling,2483,20,Chennai Landfill,"29.4633, 80.8873",65486,2023
Chennai,E-Waste,618,85,21430,6,Incineration,1982,15,Chennai Landfill,"29.4633, 80.8873",65486,2023
Chennai,Construction,4852,69,21430,5,Recycling,4411,8,Chennai Landfill,"29.4633, 80.8873",65486,2023
Chennai,Hazardous,3096,45,21430,8,Composting,896,19,Chennai Landfill,"29.4633, 80.8873",65486,2023
Kolkata,Plastic,7992,32,17335,9,Composting,2038,20,Kolkata Landfill,"16.068, 72.6096",80985,2019
Kolkata,Organic,8041,71,17335,6,Composting,4200,6,Kolkata Landfill,"16.068, 72.6096",80985,2019
Kolkata,E-Waste,812,50,17335,10,Recycling,3118,16,Kolkata Landfill,"16.068, 72.6096",80985,2019
Kolkata,Construction,4954,63,17335,10,Incineration,1135,14,Kolkata Landfill,"16.068, 72.6096",80985,2019
Kolkata,Hazardous,626,53,17335,5,Recycling,4504,6,Kolkata Landfill,"16.068, 72.6096",80985,2019
Kolkata,Plastic,1569,52,17335,10,Composting,2719,4,Kolkata Landfill,"16.068, 72.6096",80985,2020
Kolkata,Organic,6472,74,17335,5,Landfill,3328,14,Kolkata Landfill,"16.068, 72.6096",80985,2020
Kolkata,E-Waste,6409,50,17335,9,Composting,1796,11,Kolkata Landfill,"16.068, 72.6096",80985,2020
Kolkata,Construction,2509,60,17335,5,Composting,2411,20,Kolkata Landfill,"16.068, 72.6096",80985,2020
Kolkata,Hazardous,5709,58,17335,10,Incineration,4414,3,Kolkata Landfill,"16.068, 72.6096",80985,2020
Kolkata,Plastic,3627,67,17335,6,Incineration,4952,16,Kolkata Landfill,"16.068, 72.6096",80985,2021
Kolkata,Organic,9186,35,17335,6,Landfill,4649,9,Kolkata Landfill,"16.068, 72.6096",80985,2021
Kolkata,E-Waste,2735,54,17335,8,Composting,2923,1,Kolkata Landfill,"16.068, 72.6096",80985,2021
Kolkata,Construction,1989,45,17335,7,Recycling,2795,8,Kolkata Landfill,"16.068, 72.6096",80985,2021
Kolkata,Hazardous,2740,34,17335,8,Recycling,1795,7,Kolkata Landfill,"16.068, 72.6096",80985,2021
Kolkata,Plastic,1267,51,17335,7,Incineration,4565,9,Kolkata Landfill,"16.068, 72.6096",80985,2022
Kolkata,Organic,545,61,17335,5,Landfill,4082,13,Kolkata Landfill,"16.068, 72.6096",80985,2022
Kolkata,E-Waste,1714,81,17335,7,Composting,2394,11,Kolkata Landfill,"16.068, 72.6096",80985,2022
Kolkata,Construction,7568,65,17335,5,Incineration,3770,0,Kolkata Landfill,"16.068, 72.6096",80985,2022
Kolkata,Hazardous,8057,32,17335,5,Composting,2400,3,Kolkata Landfill,"16.068, 72.6096",80985,2022
Kolkata,Plastic,6343,80,17335,7,Recycling,1064,17,Kolkata Landfill,"16.068, 72.6096",80985,2023
Kolkata,Organic,1654,71,17335,10,Incineration,2348,11,Kolkata Landfill,"16.068, 72.6096",80985,2023
Kolkata,E-Waste,9639,60,17335,10,Landfill,2743,11,Kolkata Landfill,"16.068, 72.6096",80985,2023
Kolkata,Construction,4040,77,17335,6,Landfill,2119,16,Kolkata Landfill,"16.068, 72.6096",80985,2023
Kolkata,Hazardous,956,81,17335,9,Landfill,673,10,Kolkata Landfill,"16.068, 72.6096",80985,2023
Hyderabad,Plastic,5089,66,7927,6,Recycling,1103,10,Hyderabad Landfill,"34.069, 82.1518",34239,2019
Hyderabad,Organic,588,32,7927,6,Incineration,3131,5,Hyderabad Landfill,"34.069, 82.1518",34239,2019
Hyderabad,E-Waste,6487,37,7927,9,Incineration,2065,0,Hyderabad Landfill,"34.069, 82.1518",34239,2019
Hyderabad,Construction,2163,52,7927,5,Incineration,2206,7,Hyderabad Landfill,"34.069, 82.1518",34239,2019
Hyderabad,Hazardous,1887,48,7927,7,Composting,3526,17,Hyderabad Landfill,"34.069, 82.1518",34239,2019
Hyderabad,Plastic,3899,59,7927,7,Incineration,2812,5,Hyderabad Landfill,"34.069, 82.1518",34239,2020
Hyderabad,Organic,7422,73,7927,9,Landfill,3646,19,Hyderabad Landfill,"34.069, 82.1518",34239,2020
Hyderabad,E-Waste,2765,39,7927,7,Recycling,1602,15,Hyderabad Landfill,"34.069, 82.1518",34239,2020
Hyderabad,Construction,5337,72,7927,7,Composting,4205,2,Hyderabad Landfill,"34.069, 82.1518",34239,2020
Hyderabad,Hazardous,1713,85,7927,5,Incineration,4307,17,Hyderabad Landfill,"34.069, 82.1518",34239,2020
Hyderabad,Plastic,7858,79,7927,7,Composting,3494,8,Hyderabad Landfill,"34.069, 82.1518",34239,2021
Hyderabad,Organic,6905,46,7927,5,Incineration,1624,2,Hyderabad Landfill,"34.069, 82.1518",34239,2021
Hyderabad,E-Waste,1285,72,7927,9,Incineration,1411,19,Hyderabad Landfill,"34.069, 82.1518",34239,2021
Hyderabad,Construction,805,34,7927,6,Recycling,1077,11,Hyderabad Landfill,"34.069, 82.1518",34239,2021
Hyderabad,Hazardous,742,83,7927,5,Composting,2985,12,Hyderabad Landfill,"34.069, 82.1518",34239,2021
Hyderabad,Plastic,5774,48,7927,6,Incineration,3095,7,Hyderabad Landfill,"34.069, 82.1518",34239,2022
Hyderabad,Organic,1013,80,7927,8,Composting,823,3,Hyderabad Landfill,"34.069, 82.1518",34239,2022
Hyderabad,E-Waste,708,42,7927,6,Landfill,1987,0,Hyderabad Landfill,"34.069, 82.1518",34239,2022
Hyderabad,Construction,2667,39,7927,6,Incineration,4911,4,Hyderabad Landfill,"34.069, 82.1518",34239,2022
Hyderabad,Hazardous,8430,82,7927,7,Landfill,706,3,Hyderabad Landfill,"34.069, 82.1518",34239,2022
Hyderabad,Plastic,4495,51,7927,5,Composting,1787,10,Hyderabad Landfill,"34.069, 82.1518",34239,2023
Hyderabad,Organic,1514,44,7927,7,Incineration,4521,3,Hyderabad Landfill,"34.069, 82.1518",34239,2023
Hyderabad,E-Waste,1598,61,7927,8,Landfill,3658,4,Hyderabad Landfill,"34.069, 82.1518",34239,2023
Hyderabad,Construction,4204,31,7927,8,Incineration,2208,8,Hyderabad Landfill,"34.069, 82.1518",34239,2023
Hyderabad,Hazardous,4592,69,7927,10,Composting,4701,12,Hyderabad Landfill,"34.069, 82.1518",34239,2023
Pune,Plastic,8897,48,12547,6,Incineration,4355,15,Pune Landfill,"28.7237, 84.2278",49524,2019
Pune,Organic,8028,68,12547,8,Composting,3502,19,Pune Landfill,"28.7237, 84.2278",49524,2019
Pune,E-Waste,3125,36,12547,7,Recycling,969,14,Pune Landfill,"28.7237, 84.2278",49524,2019
Pune,Construction,9857,62,12547,7,Landfill,2667,12,Pune Landfill,"28.7237, 84.2278",49524,2019
Pune,Hazardous,5547,46,12547,7,Composting,1229,11,Pune Landfill,"28.7237, 84.2278",49524,2019
Pune,Plastic,2280,52,12547,9,Landfill,2575,6,Pune Landfill,"28.7237, 84.2278",49524,2020
Pune,Organic,1926,53,12547,9,Recycling,3238,19,Pune Landfill,"28.7237, 84.2278",49524,2020
Pune,E-Waste,8098,36,12547,9,Incineration,2009,5,Pune Landfill,"28.7237, 84.2278",49524,2020
Pune,Construction,1089,85,12547,6,Composting,798,14,Pune Landfill,"28.7237, 84.2278",49524,2020
Pune,Hazardous,8742,61,12547,5,Landfill,2713,13,Pune Landfill,"28.7237, 84.2278",49524,2020
Pune,Plastic,4485,66,12547,8,Landfill,3069,11,Pune Landfill,"28.7237, 84.2278",49524,2021
Pune,Organic,6145,44,12547,5,Composting,1707,6,Pune Landfill,"28.7237, 84.2278",49524,2021
Pune,E-Waste,8407,61,12547,6,Composting,3974,3,Pune Landfill,"28.7237, 84.2278",49524,2021
Pune,Construction,511,33,12547,5,Recycling,1998,6,Pune Landfill,"28.7237, 84.2278",49524,2021
Pune,Hazardous,1623,57,12547,5,Composting,3589,20,Pune Landfill,"28.7237, 84.2278",49524,2021
Pune,Plastic,3578,39,12547,7,Recycling,2681,11,Pune Landfill,"28.7237, 84.2278",49524,2022
Pune,Organic,7921,69,12547,7,Incineration,3569,7,Pune Landfill,"28.7237, 84.2278",49524,2022
Pune,E-Waste,9741,75,12547,10,Incineration,4988,1,Pune Landfill,"28.7237, 84.2278",49524,2022
Pune,Construction,4804,36,12547,6,Composting,3338,13,Pune Landfill,"28.7237, 84.2278",49524,2022
Pune,Hazardous,8508,55,12547,10,Incineration,3321,7,Pune Landfill,"28.7237, 84.2278",49524,2022
Pune,Plastic,5594,76,12547,5,Landfill,4656,8,Pune Landfill,"28.7237, 84.2278",49524,2023
Pune,Organic,3851,83,12547,6,Recycling,3334,12,Pune Landfill,"28.7237, 84.2278",49524,2023
Pune,E-Waste,8611,30,12547,9,Incineration,1359,5,Pune Landfill,"28.7237, 84.2278",49524,2023
Pune,Construction,2012,45,12547,10,Landfill,2368,6,Pune Landfill,"28.7237, 84.2278",49524,2023
Pune,Hazardous,9234,31,12547,7,Landfill,2438,15,Pune Landfill,"28.7237, 84.2278",49524,2023
Ahmedabad,Plastic,9807,67,9464,5,Landfill,4632,17,Ahmedabad Landfill,"19.3868, 72.7845",69399,2019
Ahmedabad,Organic,1302,56,9464,9,Recycling,673,19,Ahmedabad Landfill,"19.3868, 72.7845",69399,2019
Ahmedabad,E-Waste,6409,76,9464,7,Incineration,2025,2,Ahmedabad Landfill,"19.3868, 72.7845",69399,2019
Ahmedabad,Construction,5933,68,9464,8,Landfill,2882,7,Ahmedabad Landfill,"19.3868, 72.7845",69399,2019
Ahmedabad,Hazardous,2686,81,9464,9,Incineration,1638,9,Ahmedabad Landfill,"19.3868, 72.7845",69399,2019
Ahmedabad,Plastic,5578,55,9464,6,Recycling,2669,12,Ahmedabad Landfill,"19.3868, 72.7845",69399,2020
Ahmedabad,Organic,929,54,9464,6,Incineration,578,12,Ahmedabad Landfill,"19.3868, 72.7845",69399,2020
Ahmedabad,E-Waste,2118,57,9464,5,Composting,3419,11,Ahmedabad Landfill,"19.3868, 72.7845",69399,2020
Ahmedabad,Construction,1658,81,9464,7,Composting,2089,15,Ahmedabad Landfill,"19.3868, 72.7845",69399,2020
Ahmedabad,Hazardous,3762,69,9464,7,Incineration,4671,11,Ahmedabad Landfill,"19.3868, 72.7845",69399,2020
Ahmedabad,Plastic,4012,58,9464,7,Landfill,3619,19,Ahmedabad Landfill,"19.3868, 72.7845",69399,2021
Ahmedabad,Organic,7895,78,9464,5,Landfill,4526,20,Ahmedabad Landfill,"19.3868, 72.7845",69399,2021
Ahmedabad,E-Waste,7663,74,9464,5,Landfill,4370,4,Ahmedabad Landfill,"19.3868, 72.7845",69399,2021
Ahmedabad,Construction,4118,79,9464,10,Landfill,2440,19,Ahmedabad Landfill,"19.3868, 72.7845",69399,2021
Ahmedabad,Hazardous,5791,43,9464,9,Incineration,4871,19,Ahmedabad Landfill,"19.3868, 72.7845",69399,2021
Ahmedabad,Plastic,1334,55,9464,8,Composting,1390,1,Ahmedabad Landfill,"19.3868, 72.7845",69399,2022
Ahmedabad,Organic,3467,42,9464,10,Composting,2845,19,Ahmedabad Landfill,"19.3868, 72.7845",69399,2022
Ahmedabad,E-Waste,2458,58,9464,7,Landfill,1591,4,Ahmedabad Landfill,"19.3868, 72.7845",69399,2022
Ahmedabad,Construction,690,30,9464,6,Composting,2807,8,Ahmedabad Landfill,"19.3868, 72.7845",69399,2022
Ahmedabad,Hazardous,4104,83,9464,9,Incineration,3750,5,Ahmedabad Landfill,"19.3868, 72.7845",69399,2022
Ahmedabad,Plastic,9593,38,9464,10,Recycling,3688,15,Ahmedabad Landfill,"19.3868, 72.7845",69399,2023
Ahmedabad,Organic,3814,69,9464,7,Recycling,3256,0,Ahmedabad Landfill,"19.3868, 72.7845",69399,2023
Ahmedabad,E-Waste,2978,30,9464,5,Incineration,1070,10,Ahmedabad Landfill,"19.3868, 72.7845",69399,2023
Ahmedabad,Construction,8892,54,9464,5,Composting,2781,20,Ahmedabad Landfill,"19.3868, 72.7845",69399,2023
Ahmedabad,Hazardous,7540,78,9464,6,Recycling,3134,7,Ahmedabad Landfill,"19.3868, 72.7845",69399,2023
Jaipur,Plastic,5518,33,2335,5,Incineration,835,2,Jaipur Landfill,"11.6909, 94.4267",71127,2019
Jaipur,Organic,6249,44,2335,7,Composting,2634,8,Jaipur Landfill,"11.6909, 94.4267",71127,2019
Jaipur,E-Waste,5899,68,2335,5,Incineration,1058,14,Jaipur Landfill,"11.6909, 94.4267",71127,2019
Jaipur,Construction,3452,48,2335,7,Recycling,4230,14,Jaipur Landfill,"11.6909, 94.4267",71127,2019
Jaipur,Hazardous,4108,31,2335,9,Landfill,3132,2,Jaipur Landfill,"11.6909, 94.4267",71127,2019
Jaipur,Plastic,9183,55,2335,6,Landfill,1898,12,Jaipur Landfill,"11.6909, 94.4267",71127,2020
Jaipur,Organic,6175,80,2335,9,Recycling,765,19,Jaipur Landfill,"11.6909, 94.4267",71127,2020
Jaipur,E-Waste,9774,51,2335,10,Incineration,1909,7,Jaipur Landfill,"11.6909, 94.4267",71127,2020
Jaipur,Construction,7448,81,2335,9,Landfill,3668,0,Jaipur Landfill,"11.6909, 94.4267",71127,2020
Jaipur,Hazardous,9780,63,2335,9,Composting,2809,3,Jaipur Landfill,"11.6909, 94.4267",71127,2020
Jaipur,Plastic,6413,63,2335,10,Recycling,3165,20,Jaipur Landfill,"11.6909, 94.4267",71127,2021
Jaipur,Organic,1018,70,2335,8,Recycling,4760,10,Jaipur Landfill,"11.6909, 94.4267",71127,2021
Jaipur,E-Waste,4152,65,2335,7,Recycling,657,5,Jaipur Landfill,"11.6909, 94.4267",71127,2021
Jaipur,Construction,9976,59,2335,5,Incineration,2344,15,Jaipur Landfill,"11.6909, 94.4267",71127,2021
Jaipur,Hazardous,5281,36,2335,9,Incineration,1944,10,Jaipur Landfill,"11.6909, 94.4267",71127,2021
Jaipur,Plastic,8379,55,2335,9,Landfill,2826,19,Jaipur Landfill,"11.6909, 94.4267",71127,2022
Jaipur,Organic,8991,49,2335,9,Landfill,4032,15,Jaipur Landfill,"11.6909, 94.4267",71127,2022
Jaipur,E-Waste,3448,85,2335,10,Landfill,1049,3,Jaipur Landfill,"11.6909, 94.4267",71127,2022
Jaipur,Construction,9043,54,2335,9,Composting,4211,19,Jaipur Landfill,"11.6909, 94.4267",71127,2022
Jaipur,Hazardous,8600,60,2335,7,Incineration,3201,1,Jaipur Landfill,"11.6909, 94.4267",71127,2022
Jaipur,Plastic,5068,53,2335,6,Composting,3801,11,Jaipur Landfill,"11.6909, 94.4267",71127,2023
Jaipur,Organic,6958,65,2335,5,Composting,1632,6,Jaipur Landfill,"11.6909, 94.4267",71127,2023
Jaipur,E-Waste,2534,45,2335,5,Composting,1614,15,Jaipur Landfill,"11.6909, 94.4267",71127,2023
Jaipur,Construction,5821,79,2335,9,Landfill,3734,1,Jaipur Landfill,"11.6909, 94.4267",71127,2023
Jaipur,Hazardous,4527,67,2335,7,Composting,2453,9,Jaipur Landfill,"11.6909, 94.4267",71127,2023
Lucknow,Plastic,9719,47,23465,7,Incineration,1414,11,Lucknow Landfill,"10.3904, 81.8808",80251,2019
Lucknow,Organic,3449,55,23465,6,Landfill,4823,12,Lucknow Landfill,"10.3904, 81.8808",80251,2019
Lucknow,E-Waste,9765,52,23465,10,Recycling,2068,15,Lucknow Landfill,"10.3904, 81.8808",80251,2019
Lucknow,Construction,4061,53,23465,8,Incineration,1863,17,Lucknow Landfill,"10.3904, 81.8808",80251,2019
Lucknow,Hazardous,5427,49,23465,9,Landfill,1299,16,Lucknow Landfill,"10.3904, 81.8808",80251,2019
Lucknow,Plastic,9676,30,23465,9,Recycling,527,16,Lucknow Landfill,"10.3904, 81.8808",80251,2020
Lucknow,Organic,974,33,23465,10,Landfill,1791,2,Lucknow Landfill,"10.3904, 81.8808",80251,2020
Lucknow,E-Waste,8698,71,23465,5,Landfill,4353,10,Lucknow Landfill,"10.3904, 81.8808",80251,2020
Lucknow,Construction,979,56,23465,5,Landfill,3187,8,Lucknow Landfill,"10.3904, 81.8808",80251,2020
Lucknow,Hazardous,6425,52,23465,8,Incineration,2200,8,Lucknow Landfill,"10.3904, 81.8808",80251,2020
Lucknow,Plastic,5485,69,23465,9,Recycling,1887,17,Lucknow Landfill,"10.3904, 81.8808",80251,2021
Lucknow,Organic,4261,36,23465,6,Incineration,1107,19,Lucknow Landfill,"10.3904, 81.8808",80251,2021
Lucknow,E-Waste,2281,45,23465,8,Landfill,4891,7,Lucknow Landfill,"10.3904, 81.8808",80251,2021
Lucknow,Construction,4060,77,23465,6,Landfill,1363,20,Lucknow Landfill,"10.3904, 81.8808",80251,2021
Lucknow,Hazardous,6073,36,23465,7,Landfill,4873,6,Lucknow Landfill,"10.3904, 81.8808",80251,2021
Lucknow,Plastic,8714,53,23465,9,Incineration,4265,11,Lucknow Landfill,"10.3904, 81.8808",80251,2022
Lucknow,Organic,9845,55,23465,9,Recycling,3000,7,Lucknow Landfill,"10.3904, 81.8808",80251,2022
Lucknow,E-Waste,9114,36,23465,5,Recycling,3126,2,Lucknow Landfill,"10.3904, 81.8808",80251,2022
Lucknow,Construction,5748,73,23465,7,Composting,3385,4,Lucknow Landfill,"10.3904, 81.8808",80251,2022
Lucknow,Hazardous,3455,81,23465,10,Composting,2559,15,Lucknow Landfill,"10.3904, 81.8808",80251,2022
Lucknow,Plastic,9404,75,23465,9,Composting,1263,9,Lucknow Landfill,"10.3904, 81.8808",80251,2023
Lucknow,Organic,8622,42,23465,6,Recycling,2945,20,Lucknow Landfill,"10.3904, 81.8808",80251,2023
Lucknow,E-Waste,5529,50,23465,9,Composting,1973,16,Lucknow Landfill,"10.3904, 81.8808",80251,2023
Lucknow,Construction,3693,67,23465,7,Incineration,3089,3,Lucknow Landfill,"10.3904, 81.8808",80251,2023
Lucknow,Hazardous,6895,70,23465,5,Landfill,2047,18,Lucknow Landfill,"10.3904, 81.8808",80251,2023
Surat,Plastic,8754,47,24032,7,Landfill,4074,11,Surat Landfill,"32.805, 89.0238",38471,2019
Surat,Organic,4071,45,24032,9,Landfill,1912,12,Surat Landfill,"32.805, 89.0238",38471,2019
Surat,E-Waste,5878,40,24032,7,Recycling,4904,6,Surat Landfill,"32.805, 89.0238",38471,2019
Surat,Construction,2465,35,24032,5,Incineration,3305,11,Surat Landfill,"32.805, 89.0238",38471,2019
Surat,Hazardous,1873,70,24032,9,Recycling,3643,2,Surat Landfill,"32.805, 89.0238",38471,2019
Surat,Plastic,9318,66,24032,5,Incineration,3163,4,Surat Landfill,"32.805, 89.0238",38471,2020
Surat,Organic,4320,66,24032,8,Composting,4625,15,Surat Landfill,"32.805, 89.0238",38471,2020
Surat,E-Waste,3662,76,24032,5,Landfill,2282,1,Surat Landfill,"32.805, 89.0238",38471,2020
Surat,Construction,711,60,24032,7,Landfill,4375,19,Surat Landfill,"32.805, 89.0238",38471,2020
Surat,Hazardous,3540,51,24032,7,Landfill,4362,4,Surat Landfill,"32.805, 89.0238",38471,2020
Surat,Plastic,1690,55,24032,5,Incineration,799,9,Surat Landfill,"32.805, 89.0238",38471,2021
Surat,Organic,7629,64,24032,9,Landfill,617,13,Surat Landfill,"32.805, 89.0238",38471,2021
Surat,E-Waste,7181,75,24032,7,Composting,870,3,Surat Landfill,"32.805, 89.0238",38471,2021
Surat,Construction,2964,64,24032,6,Landfill,1093,10,Surat Landfill,"32.805, 89.0238",38471,2021
Surat,Hazardous,7457,49,24032,8,Composting,1591,12,Surat Landfill,"32.805, 89.0238",38471,2021
Surat,Plastic,8273,39,24032,5,Composting,2375,4,Surat Landfill,"32.805, 89.0238",38471,2022
Surat,Organic,3841,82,24032,6,Landfill,873,5,Surat Landfill,"32.805, 89.0238",38471,2022
Surat,E-Waste,6680,31,24032,6,Composting,3367,14,Surat Landfill,"32.805, 89.0238",38471,2022
Surat,Construction,9396,61,24032,10,Landfill,3159,11,Surat Landfill,"32.805, 89.0238",38471,2022
Surat,Hazardous,9819,71,24032,6,Recycling,3335,0,Surat Landfill,"32.805, 89.0238",38471,2022
Surat,Plastic,7045,36,24032,7,Incineration,4404,13,Surat Landfill,"32.805, 89.0238",38471,2023
Surat,Organic,7984,36,24032,9,Composting,3024,2,Surat Landfill,"32.805, 89.0238",38471,2023
Surat,E-Waste,4476,83,24032,5,Incineration,4780,9,Surat Landfill,"32.805, 89.0238",38471,2023
Surat,Construction,8728,46,24032,10,Incineration,739,13,Surat Landfill,"32.805, 89.0238",38471,2023
Surat,Hazardous,5131,52,24032,6,Incineration,4379,5,Surat Landfill,"32.805, 89.0238",38471,2023
Kanpur,Plastic,9164,46,18697,8,Incineration,3975,13,Kanpur Landfill,"13.0189, 89.182",22690,2019
Kanpur,Organic,7073,31,18697,8,Landfill,1308,15,Kanpur Landfill,"13.0189, 89.182",22690,2019
Kanpur,E-Waste,3244,48,18697,10,Landfill,2550,15,Kanpur Landfill,"13.0189, 89.182",22690,2019
Kanpur,Construction,1894,61,18697,5,Recycling,4219,9,Kanpur Landfill,"13.0189, 89.182",22690,2019
Kanpur,Hazardous,765,76,18697,8,Recycling,3043,2,Kanpur Landfill,"13.0189, 89.182",22690,2019
Kanpur,Plastic,7631,30,18697,10,Composting,1798,0,Kanpur Landfill,"13.0189, 89.182",22690,2020
Kanpur,Organic,5690,31,18697,7,Incineration,916,14,Kanpur Landfill,"13.0189, 89.182",22690,2020
Kanpur,E-Waste,1151,58,18697,8,Recycling,1324,5,Kanpur Landfill,"13.0189, 89.182",22690,2020
Kanpur,Construction,3512,33,18697,9,Landfill,600,13,Kanpur Landfill,"13.0189, 89.182",22690,2020
Kanpur,Hazardous,3659,85,18697,10,Composting,967,19,Kanpur Landfill,"13.0189, 89.182",22690,2020
Kanpur,Plastic,1685,32,18697,6,Composting,4424,12,Kanpur Landfill,"13.0189, 89.182",22690,2021
Kanpur,Organic,2380,51,18697,6,Landfill,3237,18,Kanpur Landfill,"13.0189, 89.182",22690,2021
Kanpur,E-Waste,2425,67,18697,6,Recycling,2881,11,Kanpur Landfill,"13.0189, 89.182",22690,2021
Kanpur,Construction,2175,49,18697,5,Landfill,4912,20,Kanpur Landfill,"13.0189, 89.182",22690,2021
Kanpur,Hazardous,9047,65,18697,6,Recycling,4499,12,Kanpur Landfill,"13.0189, 89.182",22690,2021
Kanpur,Plastic,7509,84,18697,9,Incineration,2977,0,Kanpur Landfill,"13.0189, 89.182",22690,2022
Kanpur,Organic,4907,35,18697,10,Landfill,1193,14,Kanpur Landfill,"13.0189, 89.182",22690,2022
Kanpur,E-Waste,8691,36,18697,9,Recycling,2462,14,Kanpur Landfill,"13.0189, 89.182",22690,2022
Kanpur,Construction,2431,64,18697,6,Recycling,4364,19,Kanpur Landfill,"13.0189, 89.182",22690,2022
Kanpur,Hazardous,9223,67,18697,5,Recycling,902,8,Kanpur Landfill,"13.0189, 89.182",22690,2022
Kanpur,Plastic,4064,36,18697,10,Landfill,2196,4,Kanpur Landfill,"13.0189, 89.182",22690,2023
Kanpur,Organic,2382,80,18697,8,Landfill,716,2,Kanpur Landfill,"13.0189, 89.182",22690,2023
Kanpur,E-Waste,3758,62,18697,6,Composting,2497,20,Kanpur Landfill,"13.0189, 89.182",22690,2023
Kanpur,Construction,9586,35,18697,7,Composting,2247,8,Kanpur Landfill,"13.0189, 89.182",22690,2023
Kanpur,Hazardous,6429,52,18697,10,Incineration,1129,9,Kanpur Landfill,"13.0189, 89.182",22690,2023
Nagpur,Plastic,3771,51,19087,10,Landfill,3717,5,Nagpur Landfill,"35.7049, 71.8706",49830,2019
Nagpur,Organic,3596,78,19087,6,Incineration,2010,6,Nagpur Landfill,"35.7049, 71.8706",49830,2019
Nagpur,E-Waste,3689,63,19087,9,Recycling,4676,19,Nagpur Landfill,"35.7049, 71.8706",49830,2019
Nagpur,Construction,6771,63,19087,8,Composting,3379,13,Nagpur Landfill,"35.7049, 71.8706",49830,2019
Nagpur,Hazardous,8145,57,19087,6,Recycling,4243,12,Nagpur Landfill,"35.7049, 71.8706",49830,2019
Nagpur,Plastic,6612,31,19087,5,Recycling,1468,17,Nagpur Landfill,"35.7049, 71.8706",49830,2020
Nagpur,Organic,1890,52,19087,5,Incineration,4587,1,Nagpur Landfill,"35.7049, 71.8706",49830,2020
Nagpur,E-Waste,2774,57,19087,8,Composting,1765,9,Nagpur Landfill,"35.7049, 71.8706",49830,2020
Nagpur,Construction,2848,37,19087,5,Composting,3397,9,Nagpur Landfill,"35.7049, 71.8706",49830,2020
Nagpur,Hazardous,9161,52,19087,10,Composting,4277,0,Nagpur Landfill,"35.7049, 71.8706",49830,2020
Nagpur,Plastic,2872,47,19087,5,Incineration,1084,16,Nagpur Landfill,"35.7049, 71.8706",49830,2021
Nagpur,Organic,1799,32,19087,8,Recycling,994,19,Nagpur Landfill,"35.7049, 71.8706",49830,2021
Nagpur,E-Waste,1683,52,19087,8,Recycling,928,3,Nagpur Landfill,"35.7049, 71.8706",49830,2021
Nagpur,Construction,1312,65,19087,8,Incineration,4213,6,Nagpur Landfill,"35.7049, 71.8706",49830,2021
Nagpur,Hazardous,8479,57,19087,5,Incineration,3518,13,Nagpur Landfill,"35.7049, 71.8706",49830,2021
Nagpur,Plastic,4929,39,19087,8,Composting,4371,14,Nagpur Landfill,"35.7049, 71.8706",49830,2022
Nagpur,Organic,8001,78,19087,7,Landfill,1652,11,Nagpur Landfill,"35.7049, 71.8706",49830,2022
Nagpur,E-Waste,4941,42,19087,7,Recycling,1341,13,Nagpur Landfill,"35.7049, 71.8706",49830,2022
Nagpur,Construction,7157,54,19087,9,Landfill,3776,16,Nagpur Landfill,"35.7049, 71.8706",49830,2022
Nagpur,Hazardous,4487,70,19087,8,Landfill,753,6,Nagpur Landfill,"35.7049, 71.8706",49830,2022
Nagpur,Plastic,8211,56,19087,10,Incineration,3459,1,Nagpur Landfill,"35.7049, 71.8706",49830,2023
Nagpur,Organic,3087,44,19087,8,Composting,1673,11,Nagpur Landfill,"35.7049, 71.8706",49830,2023
Nagpur,E-Waste,2446,34,19087,7,Landfill,3797,19,Nagpur Landfill,"35.7049, 71.8706",49830,2023
Nagpur,Construction,7276,84,19087,6,Composting,4414,3,Nagpur Landfill,"35.7049, 71.8706",49830,2023
Nagpur,Hazardous,2698,60,19087,6,Composting,4250,13,Nagpur Landfill,"35.7049, 71.8706",49830,2023
Patna,Plastic,4649,46,16101,7,Landfill,4941,5,Patna Landfill,"18.5496, 94.8411",67316,2019
Patna,Organic,8814,55,16101,7,Incineration,1093,12,Patna Landfill,"18.5496, 94.8411",67316,2019
Patna,E-Waste,9674,61,16101,9,Composting,4410,6,Patna Landfill,"18.5496, 94.8411",67316,2019
Patna,Construction,2770,38,16101,7,Composting,4725,1,Patna Landfill,"18.5496, 94.8411",67316,2019
Patna,Hazardous,8112,75,16101,8,Landfill,4847,14,Patna Landfill,"18.5496, 94.8411",67316,2019
Patna,Plastic,2480,54,16101,6,Composting,2899,1,Patna Landfill,"18.5496, 94.8411",67316,2020
Patna,Organic,9551,53,16101,10,Recycling,613,2,Patna Landfill,"18.5496, 94.8411",67316,2020
Patna,E-Waste,8893,30,16101,9,Composting,2435,5,Patna Landfill,"18.5496, 94.8411",67316,2020
Patna,Construction,2294,60,16101,7,Composting,1318,12,Patna Landfill,"18.5496, 94.8411",67316,2020
Patna,Hazardous,5732,35,16101,10,Landfill,3828,5,Patna Landfill,"18.5496, 94.8411",67316,2020
Patna,Plastic,7850,30,16101,9,Recycling,2453,0,Patna Landfill,"18.5496, 94.8411",67316,2021
Patna,Organic,8634,78,16101,6,Incineration,2042,15,Patna Landfill,"18.5496, 94.8411",67316,2021
Patna,E-Waste,2971,34,16101,10,Recycling,3891,11,Patna Landfill,"18.5496, 94.8411",67316,2021
Patna,Construction,3937,60,16101,10,Recycling,2798,17,Patna Landfill,"18.5496, 94.8411",67316,2021
Patna,Hazardous,2450,81,16101,6,Composting,2554,9,Patna Landfill,"18.5496, 94.8411",67316,2021
Patna,Plastic,5289,80,16101,6,Composting,4814,2,Patna Landfill,"18.5496, 94.8411",67316,2022
Patna,Organic,2838,64,16101,8,Recycling,2341,9,Patna Landfill,"18.5496, 94.8411",67316,2022
Patna,E-Waste,4581,38,16101,10,Recycling,874,14,Patna Landfill,"18.5496, 94.8411",67316,2022
Patna,Construction,8770,85,16101,5,Landfill,4856,16,Patna Landfill,"18.5496, 94.8411",67316,2022
Patna,Hazardous,9560,50,16101,9,Incineration,3551,12,Patna Landfill,"18.5496, 94.8411",67316,2022
Patna,Plastic,9786,79,16101,8,Landfill,4591,12,Patna Landfill,"18.5496, 94.8411",67316,2023
Patna,Organic,1934,32,16101,6,Recycling,3517,20,Patna Landfill,"18.5496, 94.8411",67316,2023
Patna,E-Waste,7176,61,16101,6,Incineration,4670,16,Patna Landfill,"18.5496, 94.8411",67316,2023
Patna,Construction,3657,41,16101,6,Landfill,2447,15,Patna Landfill,"18.5496, 94.8411",67316,2023
Patna,Hazardous,666,58,16101,6,Composting,2751,9,Patna Landfill,"18.5496, 94.8411",67316,2023
Bhopal,Plastic,4466,83,4071,8,Recycling,3118,17,Bhopal Landfill,"18.3203, 75.8314",83130,2019
Bhopal,Organic,6799,51,4071,5,Composting,1735,7,Bhopal Landfill,"18.3203, 75.8314",83130,2019
Bhopal,E-Waste,7350,36,4071,9,Incineration,3424,5,Bhopal Landfill,"18.3203, 75.8314",83130,2019
Bhopal,Construction,9384,71,4071,5,Landfill,1922,18,Bhopal Landfill,"18.3203, 75.8314",83130,2019
Bhopal,Hazardous,8117,44,4071,6,Composting,1207,14,Bhopal Landfill,"18.3203, 75.8314",83130,2019
Bhopal,Plastic,7146,63,4071,10,Composting,2539,16,Bhopal Landfill,"18.3203, 75.8314",83130,2020
Bhopal,Organic,2797,74,4071,10,Landfill,2013,19,Bhopal Landfill,"18.3203, 75.8314",83130,2020
Bhopal,E-Waste,9730,59,4071,8,Recycling,3752,10,Bhopal Landfill,"18.3203, 75.8314",83130,2020
Bhopal,Construction,2396,42,4071,10,Composting,4938,13,Bhopal Landfill,"18.3203, 75.8314",83130,2020
Bhopal,Hazardous,8644,36,4071,8,Recycling,4560,11,Bhopal Landfill,"18.3203, 75.8314",83130,2020
Bhopal,Plastic,3735,47,4071,10,Landfill,4938,14,Bhopal Landfill,"18.3203, 75.8314",83130,2021
Bhopal,Organic,1025,48,4071,10,Composting,503,17,Bhopal Landfill,"18.3203, 75.8314",83130,2021
Bhopal,E-Waste,2177,52,4071,7,Composting,3857,10,Bhopal Landfill,"18.3203, 75.8314",83130,2021
Bhopal,Construction,9006,30,4071,9,Recycling,4386,9,Bhopal Landfill,"18.3203, 75.8314",83130,2021
Bhopal,Hazardous,9834,44,4071,6,Recycling,4541,6,Bhopal Landfill,"18.3203, 75.8314",83130,2021
Bhopal,Plastic,2220,67,4071,9,Landfill,1402,8,Bhopal Landfill,"18.3203, 75.8314",83130,2022
Bhopal,Organic,1942,42,4071,9,Landfill,3010,17,Bhopal Landfill,"18.3203, 75.8314",83130,2022
Bhopal,E-Waste,9089,53,4071,7,Landfill,3699,12,Bhopal Landfill,"18.3203, 75.8314",83130,2022
Bhopal,Construction,7209,52,4071,5,Recycling,3052,2,Bhopal Landfill,"18.3203, 75.8314",83130,2022
Bhopal,Hazardous,4153,74,4071,7,Incineration,4045,0,Bhopal Landfill,"18.3203, 75.8314",83130,2022
Bhopal,Plastic,9364,83,4071,10,Landfill,892,11,Bhopal Landfill,"18.3203, 75.8314",83130,2023
Bhopal,Organic,1667,72,4071,10,Landfill,1400,10,Bhopal Landfill,"18.3203, 75.8314",83130,2023
Bhopal,E-Waste,4863,45,4071,9,Incineration,3429,14,Bhopal Landfill,"18.3203, 75.8314",83130,2023
Bhopal,Construction,6131,50,4071,8,Composting,714,17,Bhopal Landfill,"18.3203, 75.8314",83130,2023
Bhopal,Hazardous,7203,43,4071,9,Recycling,3001,19,Bhopal Landfill,"18.3203, 75.8314",83130,2023
Thiruvananthapuram,Plastic,4709,49,18418,8,Landfill,3236,3,Thiruvananthapuram Landfill,"17.2935, 83.4447",30373,2019
Thiruvananthapuram,Organic,8515,64,18418,7,Incineration,4289,5,Thiruvananthapuram Landfill,"17.2935, 83.4447",30373,2019
Thiruvananthapuram,E-Waste,8079,39,18418,6,Recycling,1230,7,Thiruvananthapuram Landfill,"17.2935, 83.4447",30373,2019
Thiruvananthapuram,Construction,9230,73,18418,8,Recycling,957,4,Thiruvananthapuram Landfill,"17.2935, 83.4447",30373,2019
Thiruvananthapuram,Hazardous,8655,61,18418,7,Landfill,1124,0,Thiruvananthapuram Landfill,"17.2935, 83.4447",30373,2019
Thiruvananthapuram,Plastic,4070,83,18418,7,Landfill,4747,1,Thiruvananthapuram Landfill,"17.2935, 83.4447",30373,2020
Thiruvananthapuram,Organic,4982,44,18418,10,Recycling,3279,6,Thiruvananthapuram Landfill,"17.2935, 83.4447",30373,2020
Thiruvananthapuram,E-Waste,2323,84,18418,8,Recycling,907,12,Thiruvananthapuram Landfill,"17.2935, 83.4447",30373,2020
Thiruvananthapuram,Construction,917,35,18418,7,Incineration,1559,14,Thiruvananthapuram Landfill,"17.2935, 83.4447",30373,2020
Thiruvananthapuram,Hazardous,8160,78,18418,5,Landfill,4193,16,Thiruvananthapuram Landfill,"17.2935, 83.4447",30373,2020
Thiruvananthapuram,Plastic,7306,67,18418,5,Landfill,1198,3,Thiruvananthapuram Landfill,"17.2935, 83.4447",30373,2021
Thiruvananthapuram,Organic,3645,54,18418,10,Incineration,2113,18,Thiruvananthapuram Landfill,"17.2935, 83.4447",30373,2021
Thiruvananthapuram,E-Waste,8521,58,18418,5,Composting,2668,14,Thiruvananthapuram Landfill,"17.2935, 83.4447",30373,2021
Thiruvananthapuram,Construction,4348,74,18418,10,Incineration,516,20,Thiruvananthapuram Landfill,"17.2935, 83.4447",30373,2021
Thiruvananthapuram,Hazardous,8086,37,18418,9,Composting,4283,0,Thiruvananthapuram Landfill,"17.2935, 83.4447",30373,2021
Thiruvananthapuram,Plastic,3990,65,18418,10,Recycling,4017,7,Thiruvananthapuram Landfill,"17.2935, 83.4447",30373,2022
Thiruvananthapuram,Organic,3262,70,18418,6,Incineration,2759,14,Thiruvananthapuram Landfill,"17.2935, 83.4447",30373,2022
Thiruvananthapuram,E-Waste,4682,46,18418,9,Incineration,4895,1,Thiruvananthapuram Landfill,"17.2935, 83.4447",30373,2022
Thiruvananthapuram,Construction,5653,48,18418,9,Landfill,2017,7,Thiruvananthapuram Landfill,"17.2935, 83.4447",30373,2022
Thiruvananthapuram,Hazardous,3598,84,18418,10,Landfill,2156,15,Thiruvananthapuram Landfill,"17.2935, 83.4447",30373,2022
Thiruvananthapuram,Plastic,3165,46,18418,9,Recycling,4394,2,Thiruvananthapuram Landfill,"17.2935, 83.4447",30373,2023
Thiruvananthapuram,Organic,8796,81,18418,9,Incineration,2365,1,Thiruvananthapuram Landfill,"17.2935, 83.4447",30373,2023
Thiruvananthapuram,E-Waste,1484,57,18418,9,Recycling,1031,9,Thiruvananthapuram Landfill,"17.2935, 83.4447",30373,2023
Thiruvananthapuram,Construction,5645,48,18418,7,Landfill,3612,17,Thiruvananthapuram Landfill,"17.2935, 83.4447",30373,2023
Thiruvananthapuram,Hazardous,684,34,18418,10,Composting,4166,20,Thiruvananthapuram Landfill,"17.2935, 83.4447",30373,2023
Indore,Plastic,8144,67,2929,9,Composting,3555,5,Indore Landfill,"24.6237, 95.1044",61142,2019
Indore,Organic,9725,81,2929,7,Composting,3629,19,Indore Landfill,"24.6237, 95.1044",61142,2019
Indore,E-Waste,5037,38,2929,10,Recycling,553,2,Indore Landfill,"24.6237, 95.1044",61142,2019
Indore,Construction,9377,54,2929,10,Composting,886,1,Indore Landfill,"24.6237, 95.1044",61142,2019
Indore,Hazardous,5566,78,2929,5,Composting,1566,13,Indore Landfill,"24.6237, 95.1044",61142,2019
Indore,Plastic,9082,78,2929,9,Incineration,4800,16,Indore Landfill,"24.6237, 95.1044",61142,2020
Indore,Organic,6803,69,2929,7,Landfill,1646,8,Indore Landfill,"24.6237, 95.1044",61142,2020
Indore,E-Waste,9293,76,2929,7,Landfill,3839,10,Indore Landfill,"24.6237, 95.1044",61142,2020
Indore,Construction,4596,77,2929,6,Composting,2361,8,Indore Landfill,"24.6237, 95.1044",61142,2020
Indore,Hazardous,1504,78,2929,5,Incineration,1458,2,Indore Landfill,"24.6237, 95.1044",61142,2020
Indore,Plastic,5086,81,2929,10,Composting,3219,0,Indore Landfill,"24.6237, 95.1044",61142,2021
Indore,Organic,725,79,2929,9,Composting,4952,12,Indore Landfill,"24.6237, 95.1044",61142,2021
Indore,E-Waste,6111,66,2929,10,Incineration,2516,0,Indore Landfill,"24.6237, 95.1044",61142,2021
Indore,Construction,4593,55,2929,8,Landfill,3925,0,Indore Landfill,"24.6237, 95.1044",61142,2021
Indore,Hazardous,783,58,2929,9,Recycling,3261,1,Indore Landfill,"24.6237, 95.1044",61142,2021
Indore,Plastic,6251,77,2929,6,Composting,2147,6,Indore Landfill,"24.6237, 95.1044",61142,2022
Indore,Organic,2950,44,2929,8,Composting,1006,1,Indore Landfill,"24.6237, 95.1044",61142,2022
Indore,E-Waste,8734,30,2929,10,Incineration,3781,4,Indore Landfill,"24.6237, 95.1044",61142,2022
Indore,Construction,8915,80,2929,8,Recycling,624,4,Indore Landfill,"24.6237, 95.1044",61142,2022
Indore,Hazardous,5025,36,2929,5,Landfill,3164,12,Indore Landfill,"24.6237, 95.1044",61142,2022
Indore,Plastic,4551,56,2929,7,Incineration,2510,0,Indore Landfill,"24.6237, 95.1044",61142,2023
Indore,Organic,9201,70,2929,9,Recycling,2492,6,Indore Landfill,"24.6237, 95.1044",61142,2023
Indore,E-Waste,4466,74,2929,7,Landfill,4170,5,Indore Landfill,"24.6237, 95.1044",61142,2023
Indore,Construction,814,35,2929,6,Composting,2996,18,Indore Landfill,"24.6237, 95.1044",61142,2023
Indore,Hazardous,7020,79,2929,6,Composting,3768,18,Indore Landfill,"24.6237, 95.1044",61142,2023
Vadodara,Plastic,5125,37,21598,8,Landfill,3475,6,Vadodara Landfill,"31.3853, 71.6585",24927,2019
Vadodara,Organic,8038,72,21598,7,Recycling,1843,19,Vadodara Landfill,"31.3853, 71.6585",24927,2019
Vadodara,E-Waste,7388,32,21598,7,Recycling,4606,20,Vadodara Landfill,"31.3853, 71.6585",24927,2019
Vadodara,Construction,6364,77,21598,6,Incineration,2720,3,Vadodara Landfill,"31.3853, 71.6585",24927,2019
Vadodara,Hazardous,5593,33,21598,6,Landfill,1520,5,Vadodara Landfill,"31.3853, 71.6585",24927,2019
Vadodara,Plastic,1128,30,21598,7,Incineration,2941,0,Vadodara Landfill,"31.3853, 71.6585",24927,2020
Vadodara,Organic,2600,50,21598,5,Incineration,609,8,Vadodara Landfill,"31.3853, 71.6585",24927,2020
Vadodara,E-Waste,6120,47,21598,8,Landfill,1084,19,Vadodara Landfill,"31.3853, 71.6585",24927,2020
Vadodara,Construction,8236,53,21598,5,Recycling,4879,15,Vadodara Landfill,"31.3853, 71.6585",24927,2020
Vadodara,Hazardous,4637,73,21598,8,Recycling,2427,5,Vadodara Landfill,"31.3853, 71.6585",24927,2020
Vadodara,Plastic,7724,36,21598,8,Composting,509,11,Vadodara Landfill,"31.3853, 71.6585",24927,2021
Vadodara,Organic,9247,48,21598,8,Incineration,683,0,Vadodara Landfill,"31.3853, 71.6585",24927,2021
Vadodara,E-Waste,6645,81,21598,7,Composting,2420,17,Vadodara Landfill,"31.3853, 71.6585",24927,2021
Vadodara,Construction,8397,75,21598,6,Incineration,2919,16,Vadodara Landfill,"31.3853, 71.6585",24927,2021
Vadodara,Hazardous,2986,33,21598,5,Composting,755,17,Vadodara Landfill,"31.3853, 71.6585",24927,2021
Vadodara,Plastic,7390,46,21598,5,Incineration,3675,9,Vadodara Landfill,"31.3853, 71.6585",24927,2022
Vadodara,Organic,3591,71,21598,5,Recycling,3317,12,Vadodara Landfill,"31.3853, 71.6585",24927,2022
Vadodara,E-Waste,4487,46,21598,7,Composting,989,7,Vadodara Landfill,"31.3853, 71.6585",24927,2022
Vadodara,Construction,5732,79,21598,6,Incineration,4010,6,Vadodara Landfill,"31.3853, 71.6585",24927,2022
Vadodara,Hazardous,2037,35,21598,8,Composting,3000,0,Vadodara Landfill,"31.3853, 71.6585",24927,2022
Vadodara,Plastic,1325,60,21598,6,Recycling,3482,20,Vadodara Landfill,"31.3853, 71.6585",24927,2023
Vadodara,Organic,2028,85,21598,5,Landfill,2092,8,Vadodara Landfill,"31.3853, 71.6585",24927,2023
Vadodara,E-Waste,9199,35,21598,10,Composting,4382,18,Vadodara Landfill,"31.3853, 71.6585",24927,2023
Vadodara,Construction,5872,38,21598,8,Incineration,2663,0,Vadodara Landfill,"31.3853, 71.6585",24927,2023
Vadodara,Hazardous,6592,45,21598,5,Incineration,4874,20,Vadodara Landfill,"31.3853, 71.6585",24927,2023
Guwahati,Plastic,2374,37,22866,5,Recycling,1243,13,Guwahati Landfill,"19.7894, 85.8429",60935,2019
Guwahati,Organic,8355,47,22866,10,Landfill,4050,6,Guwahati Landfill,"19.7894, 85.8429",60935,2019
Guwahati,E-Waste,9369,37,22866,9,Landfill,1382,12,Guwahati Landfill,"19.7894, 85.8429",60935,2019
Guwahati,Construction,8457,79,22866,6,Incineration,1687,7,Guwahati Landfill,"19.7894, 85.8429",60935,2019
Guwahati,Hazardous,4891,56,22866,5,Recycling,3499,11,Guwahati Landfill,"19.7894, 85.8429",60935,2019
Guwahati,Plastic,822,80,22866,6,Landfill,4966,13,Guwahati Landfill,"19.7894, 85.8429",60935,2020
Guwahati,Organic,4079,73,22866,8,Incineration,2246,18,Guwahati Landfill,"19.7894, 85.8429",60935,2020
Guwahati,E-Waste,4047,58,22866,6,Recycling,4462,3,Guwahati Landfill,"19.7894, 85.8429",60935,2020
Guwahati,Construction,3438,63,22866,8,Incineration,1247,1,Guwahati Landfill,"19.7894, 85.8429",60935,2020
Guwahati,Hazardous,3115,46,22866,6,Composting,4252,17,Guwahati Landfill,"19.7894, 85.8429",60935,2020
Guwahati,Plastic,1484,78,22866,6,Composting,4003,3,Guwahati Landfill,"19.7894, 85.8429",60935,2021
Guwahati,Organic,4543,79,22866,7,Recycling,3813,13,Guwahati Landfill,"19.7894, 85.8429",60935,2021
Guwahati,E-Waste,7401,82,22866,9,Incineration,4307,3,Guwahati Landfill,"19.7894, 85.8429",60935,2021
Guwahati,Construction,9218,84,22866,9,Composting,1433,7,Guwahati Landfill,"19.7894, 85.8429",60935,2021
Guwahati,Hazardous,7562,74,22866,6,Incineration,3410,18,Guwahati Landfill,"19.7894, 85.8429",60935,2021
Guwahati,Plastic,6340,47,22866,9,Incineration,2172,3,Guwahati Landfill,"19.7894, 85.8429",60935,2022
Guwahati,Organic,1976,39,22866,5,Composting,930,8,Guwahati Landfill,"19.7894, 85.8429",60935,2022
Guwahati,E-Waste,9002,39,22866,8,Recycling,2298,17,Guwahati Landfill,"19.7894, 85.8429",60935,2022
Guwahati,Construction,9229,69,22866,8,Landfill,728,0,Guwahati Landfill,"19.7894, 85.8429",60935,2022
Guwahati,Hazardous,3522,70,22866,9,Composting,1428,16,Guwahati Landfill,"19.7894, 85.8429",60935,2022
Guwahati,Plastic,5833,70,22866,5,Incineration,1084,18,Guwahati Landfill,"19.7894, 85.8429",60935,2023
Guwahati,Organic,7866,47,22866,7,Incineration,2757,18,Guwahati Landfill,"19.7894, 85.8429",60935,2023
Guwahati,E-Waste,4726,55,22866,7,Recycling,702,1,Guwahati Landfill,"19.7894, 85.8429",60935,2023
Guwahati,Construction,1243,47,22866,10,Composting,3422,10,Guwahati Landfill,"19.7894, 85.8429",60935,2023
Guwahati,Hazardous,9261,66,22866,6,Landfill,2036,1,Guwahati Landfill,"19.7894, 85.8429",60935,2023
Coimbatore,Plastic,8029,41,12073,8,Recycling,1562,13,Coimbatore Landfill,"31.9729, 76.5516",98572,2019
Coimbatore,Organic,3277,45,12073,8,Incineration,4870,15,Coimbatore Landfill,"31.9729, 76.5516",98572,2019
Coimbatore,E-Waste,9389,45,12073,8,Incineration,1177,14,Coimbatore Landfill,"31.9729, 76.5516",98572,2019
Coimbatore,Construction,1031,36,12073,8,Composting,4921,17,Coimbatore Landfill,"31.9729, 76.5516",98572,2019
Coimbatore,Hazardous,5816,67,12073,5,Recycling,4556,15,Coimbatore Landfill,"31.9729, 76.5516",98572,2019
Coimbatore,Plastic,6548,55,12073,7,Landfill,4731,15,Coimbatore Landfill,"31.9729, 76.5516",98572,2020
Coimbatore,Organic,5804,68,12073,5,Incineration,4100,8,Coimbatore Landfill,"31.9729, 76.5516",98572,2020
Coimbatore,E-Waste,7649,53,12073,10,Landfill,2381,4,Coimbatore Landfill,"31.9729, 76.5516",98572,2020
Coimbatore,Construction,953,66,12073,8,Landfill,2355,1,Coimbatore Landfill,"31.9729, 76.5516",98572,2020
Coimbatore,Hazardous,747,59,12073,7,Recycling,4295,4,Coimbatore Landfill,"31.9729, 76.5516",98572,2020
Coimbatore,Plastic,6863,75,12073,7,Landfill,2635,13,Coimbatore Landfill,"31.9729, 76.5516",98572,2021
Coimbatore,Organic,8447,42,12073,5,Composting,2764,17,Coimbatore Landfill,"31.9729, 76.5516",98572,2021
Coimbatore,E-Waste,4259,81,12073,7,Composting,4070,11,Coimbatore Landfill,"31.9729, 76.5516",98572,2021
Coimbatore,Construction,8174,57,12073,9,Recycling,862,9,Coimbatore Landfill,"31.9729, 76.5516",98572,2021
Coimbatore,Hazardous,4274,60,12073,6,Incineration,1901,10,Coimbatore Landfill,"31.9729, 76.5516",98572,2021
Coimbatore,Plastic,3522,75,12073,10,Landfill,925,11,Coimbatore Landfill,"31.9729, 76.5516",98572,2022
Coimbatore,Organic,5021,78,12073,9,Composting,2258,19,Coimbatore Landfill,"31.9729, 76.5516",98572,2022
Coimbatore,E-Waste,6743,52,12073,6,Landfill,4958,10,Coimbatore Landfill,"31.9729, 76.5516",98572,2022
Coimbatore,Construction,2139,54,12073,6,Recycling,3884,6,Coimbatore Landfill,"31.9729, 76.5516",98572,2022
Coimbatore,Hazardous,580,31,12073,8,Landfill,1968,5,Coimbatore Landfill,"31.9729, 76.5516",98572,2022
Coimbatore,Plastic,963,38,12073,8,Recycling,2999,0,Coimbatore Landfill,"31.9729, 76.5516",98572,2023
Coimbatore,Organic,8565,52,12073,7,Landfill,3047,20,Coimbatore Landfill,"31.9729, 76.5516",98572,2023
Coimbatore,E-Waste,8883,43,12073,7,Landfill,3454,20,Coimbatore Landfill,"31.9729, 76.5516",98572,2023
Coimbatore,Construction,9121,40,12073,9,Landfill,4566,11,Coimbatore Landfill,"31.9729, 76.5516",98572,2023
Coimbatore,Hazardous,6047,82,12073,9,Incineration,3133,20,Coimbatore Landfill,"31.9729, 76.5516",98572,2023
Ranchi,Plastic,9222,76,17422,8,Recycling,4212,14,Ranchi Landfill,"13.4978, 84.8338",98646,2019
Ranchi,Organic,2865,82,17422,9,Landfill,3272,14,Ranchi Landfill,"13.4978, 84.8338",98646,2019
Ranchi,E-Waste,7540,60,17422,5,Incineration,1776,2,Ranchi Landfill,"13.4978, 84.8338",98646,2019
Ranchi,Construction,8974,41,17422,8,Recycling,4536,15,Ranchi Landfill,"13.4978, 84.8338",98646,2019
Ranchi,Hazardous,6183,43,17422,5,Recycling,1377,12,Ranchi Landfill,"13.4978, 84.8338",98646,2019
Ranchi,Plastic,1270,34,17422,7,Landfill,1071,11,Ranchi Landfill,"13.4978, 84.8338",98646,2020
Ranchi,Organic,6090,44,17422,7,Landfill,2447,0,Ranchi Landfill,"13.4978, 84.8338",98646,2020
Ranchi,E-Waste,9848,79,17422,10,Landfill,675,11,Ranchi Landfill,"13.4978, 84.8338",98646,2020
Ranchi,Construction,3883,38,17422,7,Recycling,2577,5,Ranchi Landfill,"13.4978, 84.8338",98646,2020
Ranchi,Hazardous,7762,68,17422,6,Incineration,1158,0,Ranchi Landfill,"13.4978, 84.8338",98646,2020
Ranchi,Plastic,9164,69,17422,5,Composting,4385,14,Ranchi Landfill,"13.4978, 84.8338",98646,2021
Ranchi,Organic,4838,61,17422,8,Composting,2006,10,Ranchi Landfill,"13.4978, 84.8338",98646,2021
Ranchi,E-Waste,9929,85,17422,9,Recycling,1475,14,Ranchi Landfill,"13.4978, 84.8338",98646,2021
Ranchi,Construction,4213,65,17422,7,Recycling,794,15,Ranchi Landfill,"13.4978, 84.8338",98646,2021
Ranchi,Hazardous,4130,65,17422,8,Incineration,3340,17,Ranchi Landfill,"13.4978, 84.8338",98646,2021
Ranchi,Plastic,9721,30,17422,8,Composting,1126,7,Ranchi Landfill,"13.4978, 84.8338",98646,2022
Ranchi,Organic,8205,40,17422,7,Recycling,1464,19,Ranchi Landfill,"13.4978, 84.8338",98646,2022
Ranchi,E-Waste,5473,73,17422,7,Recycling,3439,0,Ranchi Landfill,"13.4978, 84.8338",98646,2022
Ranchi,Construction,9588,36,17422,8,Landfill,4717,10,Ranchi Landfill,"13.4978, 84.8338",98646,2022
Ranchi,Hazardous,1182,82,17422,9,Incineration,1502,1,Ranchi Landfill,"13.4978, 84.8338",98646,2022
Ranchi,Plastic,4020,57,17422,7,Recycling,2248,13,Ranchi Landfill,"13.4978, 84.8338",98646,2023
Ranchi,Organic,7916,53,17422,6,Recycling,2047,11,Ranchi Landfill,"13.4978, 84.8338",98646,2023
Ranchi,E-Waste,1670,77,17422,5,Recycling,2924,3,Ranchi Landfill,"13.4978, 84.8338",98646,2023
Ranchi,Construction,2654,53,17422,8,Landfill,2074,16,Ranchi Landfill,"13.4978, 84.8338",98646,2023
Ranchi,Hazardous,6090,44,17422,9,Composting,1406,20,Ranchi Landfill,"13.4978, 84.8338",98646,2023
Amritsar,Plastic,6035,64,12612,9,Incineration,4276,11,Amritsar Landfill,"22.6059, 88.4682",31477,2019
Amritsar,Organic,1371,68,12612,5,Recycling,3410,19,Amritsar Landfill,"22.6059, 88.4682",31477,2019
Amritsar,E-Waste,2239,71,12612,10,Landfill,1403,0,Amritsar Landfill,"22.6059, 88.4682",31477,2019
Amritsar,Construction,9144,39,12612,8,Landfill,4250,13,Amritsar Landfill,"22.6059, 88.4682",31477,2019
Amritsar,Hazardous,4718,42,12612,9,Recycling,3452,20,Amritsar Landfill,"22.6059, 88.4682",31477,2019
Amritsar,Plastic,3121,38,12612,5,Composting,3385,4,Amritsar Landfill,"22.6059, 88.4682",31477,2020
Amritsar,Organic,6093,75,12612,5,Incineration,934,11,Amritsar Landfill,"22.6059, 88.4682",31477,2020
Amritsar,E-Waste,2840,63,12612,5,Composting,3675,6,Amritsar Landfill,"22.6059, 88.4682",31477,2020
Amritsar,Construction,1796,34,12612,6,Composting,2113,15,Amritsar Landfill,"22.6059, 88.4682",31477,2020
Amritsar,Hazardous,2868,39,12612,9,Landfill,4327,12,Amritsar Landfill,"22.6059, 88.4682",31477,2020
Amritsar,Plastic,7820,41,12612,10,Incineration,2138,5,Amritsar Landfill,"22.6059, 88.4682",31477,2021
Amritsar,Organic,9954,47,12612,5,Incineration,2864,8,Amritsar Landfill,"22.6059, 88.4682",31477,2021
Amritsar,E-Waste,7007,62,12612,10,Landfill,1571,18,Amritsar Landfill,"22.6059, 88.4682",31477,2021
Amritsar,Construction,6718,69,12612,5,Recycling,635,1,Amritsar Landfill,"22.6059, 88.4682",31477,2021
Amritsar,Hazardous,3672,33,12612,9,Composting,3888,4,Amritsar Landfill,"22.6059, 88.4682",31477,2021
Amritsar,Plastic,7276,76,12612,9,Incineration,1041,4,Amritsar Landfill,"22.6059, 88.4682",31477,2022
Amritsar,Organic,7339,39,12612,5,Recycling,1129,18,Amritsar Landfill,"22.6059, 88.4682",31477,2022
Amritsar,E-Waste,3827,77,12612,9,Composting,1254,5,Amritsar Landfill,"22.6059, 88.4682",31477,2022
Amritsar,Construction,9444,77,12612,5,Incineration,1916,5,Amritsar Landfill,"22.6059, 88.4682",31477,2022
Amritsar,Hazardous,5082,55,12612,7,Recycling,2865,3,Amritsar Landfill,"22.6059, 88.4682",31477,2022
Amritsar,Plastic,9094,46,12612,9,Incineration,4893,19,Amritsar Landfill,"22.6059, 88.4682",31477,2023
Amritsar,Organic,4936,57,12612,5,Composting,550,2,Amritsar Landfill,"22.6059, 88.4682",31477,2023
Amritsar,E-Waste,1725,54,12612,8,Landfill,4152,3,Amritsar Landfill,"22.6059, 88.4682",31477,2023
Amritsar,Construction,8689,37,12612,6,Recycling,1965,17,Amritsar Landfill,"22.6059, 88.4682",31477,2023
Amritsar,Hazardous,2184,36,12612,8,Composting,1069,14,Amritsar Landfill,"22.6059, 88.4682",31477,2023
Jodhpur,Plastic,4585,76,6465,6,Recycling,3294,10,Jodhpur Landfill,"8.9824, 77.0472",45318,2019
Jodhpur,Organic,8728,33,6465,7,Composting,4367,8,Jodhpur Landfill,"8.9824, 77.0472",45318,2019
Jodhpur,E-Waste,1527,57,6465,8,Recycling,2550,16,Jodhpur Landfill,"8.9824, 77.0472",45318,2019
Jodhpur,Construction,7646,43,6465,7,Recycling,2784,6,Jodhpur Landfill,"8.9824, 77.0472",45318,2019
Jodhpur,Hazardous,5064,42,6465,6,Landfill,3973,14,Jodhpur Landfill,"8.9824, 77.0472",45318,2019
Jodhpur,Plastic,8803,59,6465,7,Composting,2822,11,Jodhpur Landfill,"8.9824, 77.0472",45318,2020
Jodhpur,Organic,5168,58,6465,10,Incineration,2637,14,Jodhpur Landfill,"8.9824, 77.0472",45318,2020
Jodhpur,E-Waste,5159,80,6465,6,Landfill,1313,2,Jodhpur Landfill,"8.9824, 77.0472",45318,2020
Jodhpur,Construction,6671,33,6465,5,Landfill,4664,0,Jodhpur Landfill,"8.9824, 77.0472",45318,2020
Jodhpur,Hazardous,4228,37,6465,8,Composting,1756,17,Jodhpur Landfill,"8.9824, 77.0472",45318,2020
Jodhpur,Plastic,2807,34,6465,8,Incineration,4034,11,Jodhpur Landfill,"8.9824, 77.0472",45318,2021
Jodhpur,Organic,9348,64,6465,5,Incineration,4209,2,Jodhpur Landfill,"8.9824, 77.0472",45318,2021
Jodhpur,E-Waste,2294,51,6465,9,Recycling,1560,12,Jodhpur Landfill,"8.9824, 77.0472",45318,2021
Jodhpur,Construction,3487,38,6465,10,Composting,4208,8,Jodhpur Landfill,"8.9824, 77.0472",45318,2021
Jodhpur,Hazardous,5907,68,6465,9,Incineration,4668,16,Jodhpur Landfill,"8.9824, 77.0472",45318,2021
Jodhpur,Plastic,5409,62,6465,10,Recycling,2956,14,Jodhpur Landfill,"8.9824, 77.0472",45318,2022
Jodhpur,Organic,549,59,6465,5,Recycling,1345,1,Jodhpur Landfill,"8.9824, 77.0472",45318,2022
Jodhpur,E-Waste,7810,61,6465,7,Recycling,2751,7,Jodhpur Landfill,"8.9824, 77.0472",45318,2022
Jodhpur,Construction,2243,45,6465,5,Recycling,2903,10,Jodhpur Landfill,"8.9824, 77.0472",45318,2022
Jodhpur,Hazardous,2721,58,6465,9,Incineration,3965,17,Jodhpur Landfill,"8.9824, 77.0472",45318,2022
Jodhpur,Plastic,5660,76,6465,5,Composting,4168,4,Jodhpur Landfill,"8.9824, 77.0472",45318,2023
Jodhpur,Organic,1908,66,6465,9,Recycling,2321,6,Jodhpur Landfill,"8.9824, 77.0472",45318,2023
Jodhpur,E-Waste,2888,51,6465,5,Composting,3432,1,Jodhpur Landfill,"8.9824, 77.0472",45318,2023
Jodhpur,Construction,1852,50,6465,5,Landfill,3720,4,Jodhpur Landfill,"8.9824, 77.0472",45318,2023
Jodhpur,Hazardous,1919,41,6465,7,Incineration,3313,3,Jodhpur Landfill,"8.9824, 77.0472",45318,2023
Varanasi,Plastic,8397,75,7976,8,Landfill,1994,0,Varanasi Landfill,"35.156, 83.0516",79314,2019
Varanasi,Organic,8173,80,7976,10,Composting,4646,17,Varanasi Landfill,"35.156, 83.0516",79314,2019
Varanasi,E-Waste,837,81,7976,5,Recycling,740,15,Varanasi Landfill,"35.156, 83.0516",79314,2019
Varanasi,Construction,5671,55,7976,7,Incineration,550,14,Varanasi Landfill,"35.156, 83.0516",79314,2019
Varanasi,Hazardous,8242,76,7976,6,Landfill,2504,4,Varanasi Landfill,"35.156, 83.0516",79314,2019
Varanasi,Plastic,3849,45,7976,10,Recycling,2749,20,Varanasi Landfill,"35.156, 83.0516",79314,2020
Varanasi,Organic,7387,42,7976,9,Recycling,3131,10,Varanasi Landfill,"35.156, 83.0516",79314,2020
Varanasi,E-Waste,1864,61,7976,6,Incineration,878,12,Varanasi Landfill,"35.156, 83.0516",79314,2020
Varanasi,Construction,1153,52,7976,9,Composting,2917,13,Varanasi Landfill,"35.156, 83.0516",79314,2020
Varanasi,Hazardous,4781,36,7976,10,Composting,3637,2,Varanasi Landfill,"35.156, 83.0516",79314,2020
Varanasi,Plastic,7531,75,7976,5,Recycling,4035,5,Varanasi Landfill,"35.156, 83.0516",79314,2021
Varanasi,Organic,619,75,7976,8,Recycling,2547,7,Varanasi Landfill,"35.156, 83.0516",79314,2021
Varanasi,E-Waste,2201,67,7976,8,Incineration,4068,13,Varanasi Landfill,"35.156, 83.0516",79314,2021
Varanasi,Construction,8601,62,7976,7,Incineration,3571,13,Varanasi Landfill,"35.156, 83.0516",79314,2021
Varanasi,Hazardous,7991,68,7976,6,Composting,2290,2,Varanasi Landfill,"35.156, 83.0516",79314,2021
Varanasi,Plastic,9980,61,7976,6,Incineration,2451,16,Varanasi Landfill,"35.156, 83.0516",79314,2022
Varanasi,Organic,9254,60,7976,7,Composting,2642,9,Varanasi Landfill,"35.156, 83.0516",79314,2022
Varanasi,E-Waste,1352,59,7976,6,Incineration,1699,11,Varanasi Landfill,"35.156, 83.0516",79314,2022
Varanasi,Construction,525,73,7976,10,Composting,1044,16,Varanasi Landfill,"35.156, 83.0516",79314,2022
Varanasi,Hazardous,9283,30,7976,8,Landfill,2811,5,Varanasi Landfill,"35.156, 83.0516",79314,2022
Varanasi,Plastic,3202,67,7976,6,Landfill,934,18,Varanasi Landfill,"35.156, 83.0516",79314,2023
Varanasi,Organic,805,69,7976,9,Landfill,3000,18,Varanasi Landfill,"35.156, 83.0516",79314,2023
Varanasi,E-Waste,862,64,7976,5,Incineration,4718,2,Varanasi Landfill,"35.156, 83.0516",79314,2023
Varanasi,Construction,526,63,7976,6,Landfill,2877,9,Varanasi Landfill,"35.156, 83.0516",79314,2023
Varanasi,Hazardous,6410,52,7976,6,Incineration,1372,13,Varanasi Landfill,"35.156, 83.0516",79314,2023
Ludhiana,Plastic,2972,74,8678,5,Landfill,2681,4,Ludhiana Landfill,"10.3062, 77.427",69241,2019
Ludhiana,Organic,8621,38,8678,9,Landfill,583,5,Ludhiana Landfill,"10.3062, 77.427",69241,2019
Ludhiana,E-Waste,7345,63,8678,9,Recycling,4668,11,Ludhiana Landfill,"10.3062, 77.427",69241,2019
Ludhiana,Construction,1412,62,8678,9,Landfill,3885,18,Ludhiana Landfill,"10.3062, 77.427",69241,2019
Ludhiana,Hazardous,8937,81,8678,10,Landfill,3296,7,Ludhiana Landfill,"10.3062, 77.427",69241,2019
Ludhiana,Plastic,9041,43,8678,6,Composting,4975,1,Ludhiana Landfill,"10.3062, 77.427",69241,2020
Ludhiana,Organic,3139,43,8678,5,Composting,876,7,Ludhiana Landfill,"10.3062, 77.427",69241,2020
Ludhiana,E-Waste,3515,38,8678,10,Recycling,1984,15,Ludhiana Landfill,"10.3062, 77.427",69241,2020
Ludhiana,Construction,5767,31,8678,8,Recycling,2861,3,Ludhiana Landfill,"10.3062, 77.427",69241,2020
Ludhiana,Hazardous,7678,63,8678,9,Recycling,859,3,Ludhiana Landfill,"10.3062, 77.427",69241,2020
Ludhiana,Plastic,6762,72,8678,10,Composting,1588,10,Ludhiana Landfill,"10.3062, 77.427",69241,2021
Ludhiana,Organic,5285,39,8678,10,Incineration,4781,13,Ludhiana Landfill,"10.3062, 77.427",69241,2021
Ludhiana,E-Waste,8336,49,8678,8,Landfill,3267,13,Ludhiana Landfill,"10.3062, 77.427",69241,2021
Ludhiana,Construction,5808,68,8678,5,Incineration,1939,19,Ludhiana Landfill,"10.3062, 77.427",69241,2021
Ludhiana,Hazardous,4330,42,8678,9,Composting,1341,10,Ludhiana Landfill,"10.3062, 77.427",69241,2021
Ludhiana,Plastic,3119,75,8678,10,Incineration,2130,6,Ludhiana Landfill,"10.3062, 77.427",69241,2022
Ludhiana,Organic,6898,53,8678,9,Landfill,4725,10,Ludhiana Landfill,"10.3062, 77.427",69241,2022
Ludhiana,E-Waste,8336,78,8678,9,Landfill,4294,14,Ludhiana Landfill,"10.3062, 77.427",69241,2022
Ludhiana,Construction,6754,85,8678,5,Recycling,4132,0,Ludhiana Landfill,"10.3062, 77.427",69241,2022
Ludhiana,Hazardous,1636,66,8678,9,Recycling,1708,4,Ludhiana Landfill,"10.3062, 77.427",69241,2022
Ludhiana,Plastic,8158,68,8678,9,Composting,2719,13,Ludhiana Landfill,"10.3062, 77.427",69241,2023
Ludhiana,Organic,8781,42,8678,10,Recycling,3510,18,Ludhiana Landfill,"10.3062, 77.427",69241,2023
Ludhiana,E-Waste,528,58,8678,6,Recycling,4978,11,Ludhiana Landfill,"10.3062, 77.427",69241,2023
Ludhiana,Construction,4118,42,8678,9,Composting,4647,13,Ludhiana Landfill,"10.3062, 77.427",69241,2023
Ludhiana,Hazardous,1096,85,8678,7,Recycling,3839,8,Ludhiana Landfill,"10.3062, 77.427",69241,2023
Agra,Plastic,3173,73,4629,6,Landfill,2350,2,Agra Landfill,"32.4069, 92.1176",82082,2019
Agra,Organic,9052,51,4629,5,Incineration,3074,8,Agra Landfill,"32.4069, 92.1176",82082,2019
Agra,E-Waste,8371,48,4629,6,Incineration,3392,16,Agra Landfill,"32.4069, 92.1176",82082,2019
Agra,Construction,8300,38,4629,9,Incineration,2900,14,Agra Landfill,"32.4069, 92.1176",82082,2019
Agra,Hazardous,5567,34,4629,10,Incineration,1466,10,Agra Landfill,"32.4069, 92.1176",82082,2019
Agra,Plastic,3622,65,4629,5,Incineration,794,1,Agra Landfill,"32.4069, 92.1176",82082,2020
Agra,Organic,1942,45,4629,7,Recycling,4606,15,Agra Landfill,"32.4069, 92.1176",82082,2020
Agra,E-Waste,5575,75,4629,7,Landfill,4423,19,Agra Landfill,"32.4069, 92.1176",82082,2020
Agra,Construction,6444,80,4629,9,Composting,2562,6,Agra Landfill,"32.4069, 92.1176",82082,2020
Agra,Hazardous,6628,64,4629,6,Recycling,687,5,Agra Landfill,"32.4069, 92.1176",82082,2020
Agra,Plastic,9624,33,4629,8,Recycling,2599,6,Agra Landfill,"32.4069, 92.1176",82082,2021
Agra,Organic,8838,46,4629,5,Composting,4626,12,Agra Landfill,"32.4069, 92.1176",82082,2021
Agra,E-Waste,5525,56,4629,8,Recycling,3618,4,Agra Landfill,"32.4069, 92.1176",82082,2021
Agra,Construction,3884,79,4629,7,Recycling,2966,4,Agra Landfill,"32.4069, 92.1176",82082,2021
Agra,Hazardous,9466,35,4629,6,Incineration,1261,10,Agra Landfill,"32.4069, 92.1176",82082,2021
Agra,Plastic,5109,81,4629,8,Landfill,4121,2,Agra Landfill,"32.4069, 92.1176",82082,2022
Agra,Organic,692,64,4629,6,Landfill,4055,15,Agra Landfill,"32.4069, 92.1176",82082,2022
Agra,E-Waste,3467,69,4629,5,Recycling,2682,18,Agra Landfill,"32.4069, 92.1176",82082,2022
Agra,Construction,4511,58,4629,8,Incineration,1093,12,Agra Landfill,"32.4069, 92.1176",82082,2022
Agra,Hazardous,1924,58,4629,7,Incineration,2386,8,Agra Landfill,"32.4069, 92.1176",82082,2022
Agra,Plastic,6020,56,4629,5,Incineration,4148,0,Agra Landfill,"32.4069, 92.1176",82082,2023
Agra,Organic,915,35,4629,9,Incineration,1199,3,Agra Landfill,"32.4069, 92.1176",82082,2023
Agra,E-Waste,7460,70,4629,7,Incineration,3020,14,Agra Landfill,"32.4069, 92.1176",82082,2023
Agra,Construction,1500,33,4629,10,Recycling,3125,17,Agra Landfill,"32.4069, 92.1176",82082,2023
Agra,Hazardous,7256,85,4629,8,Landfill,2170,3,Agra Landfill,"32.4069, 92.1176",82082,2023
Meerut,Plastic,9131,49,7178,9,Composting,3049,1,Meerut Landfill,"14.3552, 72.9863",56989,2019
Meerut,Organic,6719,54,7178,9,Recycling,3521,5,Meerut Landfill,"14.3552, 72.9863",56989,2019
Meerut,E-Waste,3618,77,7178,9,Landfill,3695,0,Meerut Landfill,"14.3552, 72.9863",56989,2019
Meerut,Construction,3999,76,7178,10,Landfill,2118,3,Meerut Landfill,"14.3552, 72.9863",56989,2019
Meerut,Hazardous,7972,83,7178,9,Incineration,3749,4,Meerut Landfill,"14.3552, 72.9863",56989,2019
Meerut,Plastic,3668,52,7178,9,Incineration,2987,2,Meerut Landfill,"14.3552, 72.9863",56989,2020
Meerut,Organic,1404,54,7178,10,Recycling,2848,10,Meerut Landfill,"14.3552, 72.9863",56989,2020
Meerut,E-Waste,3264,38,7178,7,Composting,3661,10,Meerut Landfill,"14.3552, 72.9863",56989,2020
Meerut,Construction,9061,38,7178,10,Landfill,2436,18,Meerut Landfill,"14.3552, 72.9863",56989,2020
Meerut,Hazardous,1623,66,7178,10,Landfill,3495,6,Meerut Landfill,"14.3552, 72.9863",56989,2020
Meerut,Plastic,4686,69,7178,7,Composting,3910,8,Meerut Landfill,"14.3552, 72.9863",56989,2021
Meerut,Organic,6212,68,7178,10,Incineration,3901,3,Meerut Landfill,"14.3552, 72.9863",56989,2021
Meerut,E-Waste,936,55,7178,8,Composting,1580,2,Meerut Landfill,"14.3552, 72.9863",56989,2021
Meerut,Construction,4476,36,7178,5,Recycling,3950,12,Meerut Landfill,"14.3552, 72.9863",56989,2021
Meerut,Hazardous,3060,56,7178,9,Landfill,807,1,Meerut Landfill,"14.3552, 72.9863",56989,2021
Meerut,Plastic,7018,77,7178,6,Incineration,1216,16,Meerut Landfill,"14.3552, 72.9863",56989,2022
Meerut,Organic,5497,75,7178,5,Recycling,3723,14,Meerut Landfill,"14.3552, 72.9863",56989,2022
Meerut,E-Waste,1919,82,7178,6,Landfill,3446,0,Meerut Landfill,"14.3552, 72.9863",56989,2022
Meerut,Construction,7834,52,7178,9,Composting,2512,20,Meerut Landfill,"14.3552, 72.9863",56989,2022
Meerut,Hazardous,1168,69,7178,7,Incineration,2332,11,Meerut Landfill,"14.3552, 72.9863",56989,2022
Meerut,Plastic,2925,47,7178,6,Recycling,4347,13,Meerut Landfill,"14.3552, 72.9863",56989,2023
Meerut,Organic,5457,78,7178,10,Recycling,4807,12,Meerut Landfill,"14.3552, 72.9863",56989,2023
Meerut,E-Waste,1978,52,7178,9,Incineration,4091,6,Meerut Landfill,"14.3552, 72.9863",56989,2023
Meerut,Construction,4495,56,7178,9,Incineration,510,5,Meerut Landfill,"14.3552, 72.9863",56989,2023
Meerut,Hazardous,6404,46,7178,8,Landfill,4365,20,Meerut Landfill,"14.3552, 72.9863",56989,2023
Nashik,Plastic,4584,34,2929,10,Recycling,1334,16,Nashik Landfill,"14.6177, 91.4568",63245,2019
Nashik,Organic,9096,36,2929,7,Recycling,2013,0,Nashik Landfill,"14.6177, 91.4568",63245,2019
Nashik,E-Waste,5832,37,2929,8,Incineration,2774,8,Nashik Landfill,"14.6177, 91.4568",63245,2019
Nashik,Construction,5695,71,2929,5,Composting,4042,0,Nashik Landfill,"14.6177, 91.4568",63245,2019
Nashik,Hazardous,8192,67,2929,10,Composting,896,1,Nashik Landfill,"14.6177, 91.4568",63245,2019
Nashik,Plastic,4415,84,2929,10,Recycling,2881,20,Nashik Landfill,"14.6177, 91.4568",63245,2020
Nashik,Organic,1400,69,2929,6,Composting,4894,10,Nashik Landfill,"14.6177, 91.4568",63245,2020
Nashik,E-Waste,4872,30,2929,8,Composting,4052,17,Nashik Landfill,"14.6177, 91.4568",63245,2020
Nashik,Construction,2776,33,2929,10,Incineration,3767,17,Nashik Landfill,"14.6177, 91.4568",63245,2020
Nashik,Hazardous,3134,84,2929,10,Recycling,2582,11,Nashik Landfill,"14.6177, 91.4568",63245,2020
Nashik,Plastic,4744,55,2929,8,Landfill,516,0,Nashik Landfill,"14.6177, 91.4568",63245,2021
Nashik,Organic,9216,69,2929,7,Incineration,4245,7,Nashik Landfill,"14.6177, 91.4568",63245,2021
Nashik,E-Waste,1598,82,2929,9,Recycling,911,18,Nashik Landfill,"14.6177, 91.4568",63245,2021
Nashik,Construction,5393,64,2929,10,Incineration,1361,16,Nashik Landfill,"14.6177, 91.4568",63245,2021
Nashik,Hazardous,9699,73,2929,6,Incineration,1196,7,Nashik Landfill,"14.6177, 91.4568",63245,2021
Nashik,Plastic,7882,32,2929,7,Recycling,4400,4,Nashik Landfill,"14.6177, 91.4568",63245,2022
Nashik,Organic,6136,37,2929,6,Landfill,2258,9,Nashik Landfill,"14.6177, 91.4568",63245,2022
Nashik,E-Waste,6465,84,2929,7,Composting,3257,17,Nashik Landfill,"14.6177, 91.4568",63245,2022
Nashik,Construction,6834,47,2929,8,Recycling,3071,11,Nashik Landfill,"14.6177, 91.4568",63245,2022
Nashik,Hazardous,9685,39,2929,10,Incineration,2012,16,Nashik Landfill,"14.6177, 91.4568",63245,2022
Nashik,Plastic,3659,77,2929,9,Composting,1759,17,Nashik Landfill,"14.6177, 91.4568",63245,2023
Nashik,Organic,9946,72,2929,10,Composting,3566,15,Nashik Landfill,"14.6177, 91.4568",63245,2023
Nashik,E-Waste,3729,45,2929,8,Composting,1187,20,Nashik Landfill,"14.6177, 91.4568",63245,2023
Nashik,Construction,613,40,2929,6,Landfill,2691,11,Nashik Landfill,"14.6177, 91.4568",63245,2023
Nashik,Hazardous,9869,53,2929,10,Landfill,3250,11,Nashik Landfill,"14.6177, 91.4568",63245,2023
Rajkot,Plastic,3388,64,23232,7,Recycling,3849,12,Rajkot Landfill,"30.6193, 68.7432",62818,2019
Rajkot,Organic,4416,40,23232,5,Recycling,1296,13,Rajkot Landfill,"30.6193, 68.7432",62818,2019
Rajkot,E-Waste,5512,65,23232,8,Recycling,2052,18,Rajkot Landfill,"30.6193, 68.7432",62818,2019
Rajkot,Construction,1618,66,23232,6,Incineration,3335,14,Rajkot Landfill,"30.6193, 68.7432",62818,2019
Rajkot,Hazardous,5601,44,23232,10,Composting,549,13,Rajkot Landfill,"30.6193, 68.7432",62818,2019
Rajkot,Plastic,2457,59,23232,8,Recycling,1467,16,Rajkot Landfill,"30.6193, 68.7432",62818,2020
Rajkot,Organic,3427,41,23232,8,Recycling,2693,17,Rajkot Landfill,"30.6193, 68.7432",62818,2020
Rajkot,E-Waste,581,64,23232,10,Recycling,1245,12,Rajkot Landfill,"30.6193, 68.7432",62818,2020
Rajkot,Construction,3412,69,23232,8,Incineration,2332,12,Rajkot Landfill,"30.6193, 68.7432",62818,2020
Rajkot,Hazardous,4374,47,23232,6,Recycling,1541,7,Rajkot Landfill,"30.6193, 68.7432",62818,2020
Rajkot,Plastic,8303,77,23232,6,Composting,778,11,Rajkot Landfill,"30.6193, 68.7432",62818,2021
Rajkot,Organic,1800,67,23232,7,Recycling,1361,10,Rajkot Landfill,"30.6193, 68.7432",62818,2021
Rajkot,E-Waste,959,83,23232,10,Recycling,4555,1,Rajkot Landfill,"30.6193, 68.7432",62818,2021
Rajkot,Construction,7305,44,23232,5,Recycling,2973,8,Rajkot Landfill,"30.6193, 68.7432",62818,2021
Rajkot,Hazardous,2669,85,23232,10,Incineration,2793,17,Rajkot Landfill,"30.6193, 68.7432",62818,2021
Rajkot,Plastic,3136,37,23232,8,Incineration,4999,1,Rajkot Landfill,"30.6193, 68.7432",62818,2022
Rajkot,Organic,8212,59,23232,5,Landfill,4516,5,Rajkot Landfill,"30.6193, 68.7432",62818,2022
Rajkot,E-Waste,9144,38,23232,10,Landfill,1079,11,Rajkot Landfill,"30.6193, 68.7432",62818,2022
Rajkot,Construction,3077,71,23232,8,Incineration,2851,13,Rajkot Landfill,"30.6193, 68.7432",62818,2022
Rajkot,Hazardous,3626,38,23232,7,Incineration,2629,3,Rajkot Landfill,"30.6193, 68.7432",62818,2022
Rajkot,Plastic,9686,69,23232,9,Landfill,3744,15,Rajkot Landfill,"30.6193, 68.7432",62818,2023
Rajkot,Organic,5600,55,23232,8,Composting,1074,7,Rajkot Landfill,"30.6193, 68.7432",62818,2023
Rajkot,E-Waste,6532,77,23232,5,Landfill,3045,10,Rajkot Landfill,"30.6193, 68.7432",62818,2023
Rajkot,Construction,7574,41,23232,8,Composting,691,20,Rajkot Landfill,"30.6193, 68.7432",62818,2023
Rajkot,Hazardous,2256,61,23232,9,Incineration,1350,3,Rajkot Landfill,"30.6193, 68.7432",62818,2023
Madurai,Plastic,8741,53,19454,9,Landfill,1385,12,Madurai Landfill,"13.1884, 95.8263",51929,2019
Madurai,Organic,6764,40,19454,8,Composting,4083,6,Madurai Landfill,"13.1884, 95.8263",51929,2019
Madurai,E-Waste,8320,53,19454,10,Incineration,2290,14,Madurai Landfill,"13.1884, 95.8263",51929,2019
Madurai,Construction,8475,33,19454,5,Landfill,4852,2,Madurai Landfill,"13.1884, 95.8263",51929,2019
Madurai,Hazardous,8167,55,19454,6,Incineration,3261,15,Madurai Landfill,"13.1884, 95.8263",51929,2019
Madurai,Plastic,8700,79,19454,5,Recycling,2505,2,Madurai Landfill,"13.1884, 95.8263",51929,2020
Madurai,Organic,5760,60,19454,8,Composting,3266,4,Madurai Landfill,"13.1884, 95.8263",51929,2020
Madurai,E-Waste,7043,50,19454,7,Landfill,4625,3,Madurai Landfill,"13.1884, 95.8263",51929,2020
Madurai,Construction,7206,74,19454,9,Landfill,3529,4,Madurai Landfill,"13.1884, 95.8263",51929,2020
Madurai,Hazardous,9740,55,19454,5,Incineration,3197,2,Madurai Landfill,"13.1884, 95.8263",51929,2020
Madurai,Plastic,6503,79,19454,8,Landfill,2647,16,Madurai Landfill,"13.1884, 95.8263",51929,2021
Madurai,Organic,9455,66,19454,7,Landfill,2762,13,Madurai Landfill,"13.1884, 95.8263",51929,2021
Madurai,E-Waste,4955,31,19454,6,Landfill,4887,15,Madurai Landfill,"13.1884, 95.8263",51929,2021
Madurai,Construction,7446,57,19454,6,Incineration,1248,15,Madurai Landfill,"13.1884, 95.8263",51929,2021
Madurai,Hazardous,8006,46,19454,9,Recycling,1181,19,Madurai Landfill,"13.1884, 95.8263",51929,2021
Madurai,Plastic,6678,66,19454,9,Incineration,4434,3,Madurai Landfill,"13.1884, 95.8263",51929,2022
Madurai,Organic,4686,51,19454,5,Recycling,762,12,Madurai Landfill,"13.1884, 95.8263",51929,2022
Madurai,E-Waste,2979,73,19454,5,Incineration,4480,7,Madurai Landfill,"13.1884, 95.8263",51929,2022
Madurai,Construction,6526,38,19454,7,Recycling,1149,20,Madurai Landfill,"13.1884, 95.8263",51929,2022
Madurai,Hazardous,577,83,19454,7,Recycling,4530,18,Madurai Landfill,"13.1884, 95.8263",51929,2022
Madurai,Plastic,558,63,19454,9,Recycling,614,0,Madurai Landfill,"13.1884, 95.8263",51929,2023
Madurai,Organic,2461,33,19454,6,Landfill,3223,4,Madurai Landfill,"13.1884, 95.8263",51929,2023
Madurai,E-Waste,586,48,19454,9,Landfill,1161,13,Madurai Landfill,"13.1884, 95.8263",51929,2023
Madurai,Construction,2023,44,19454,9,Landfill,4545,16,Madurai Landfill,"13.1884, 95.8263",51929,2023
Madurai,Hazardous,1905,74,19454,9,Composting,2265,18,Madurai Landfill,"13.1884, 95.8263",51929,2023
Jabalpur,Plastic,3200,58,7118,9,Recycling,602,13,Jabalpur Landfill,"20.0639, 89.516",63720,2019
Jabalpur,Organic,1169,71,7118,6,Incineration,3046,16,Jabalpur Landfill,"20.0639, 89.516",63720,2019
Jabalpur,E-Waste,7795,72,7118,10,Landfill,4026,7,Jabalpur Landfill,"20.0639, 89.516",63720,2019
Jabalpur,Construction,5367,32,7118,5,Composting,4155,4,Jabalpur Landfill,"20.0639, 89.516",63720,2019
Jabalpur,Hazardous,6122,76,7118,8,Recycling,3926,10,Jabalpur Landfill,"20.0639, 89.516",63720,2019
Jabalpur,Plastic,2337,69,7118,9,Landfill,3011,15,Jabalpur Landfill,"20.0639, 89.516",63720,2020
Jabalpur,Organic,891,74,7118,5,Recycling,2819,16,Jabalpur Landfill,"20.0639, 89.516",63720,2020
Jabalpur,E-Waste,2321,60,7118,10,Landfill,3441,0,Jabalpur Landfill,"20.0639, 89.516",63720,2020
Jabalpur,Construction,2536,72,7118,8,Composting,3991,13,Jabalpur Landfill,"20.0639, 89.516",63720,2020
Jabalpur,Hazardous,4315,39,7118,5,Incineration,3444,4,Jabalpur Landfill,"20.0639, 89.516",63720,2020
Jabalpur,Plastic,3957,40,7118,6,Composting,872,15,Jabalpur Landfill,"20.0639, 89.516",63720,2021
Jabalpur,Organic,6528,48,7118,9,Landfill,1862,9,Jabalpur Landfill,"20.0639, 89.516",63720,2021
Jabalpur,E-Waste,9148,65,7118,5,Incineration,3322,4,Jabalpur Landfill,"20.0639, 89.516",63720,2021
Jabalpur,Construction,2988,53,7118,6,Composting,3631,20,Jabalpur Landfill,"20.0639, 89.516",63720,2021
Jabalpur,Hazardous,5235,33,7118,6,Recycling,2870,16,Jabalpur Landfill,"20.0639, 89.516",63720,2021
Jabalpur,Plastic,7833,72,7118,10,Incineration,997,1,Jabalpur Landfill,"20.0639, 89.516",63720,2022
Jabalpur,Organic,5713,85,7118,5,Recycling,3842,15,Jabalpur Landfill,"20.0639, 89.516",63720,2022
Jabalpur,E-Waste,5990,37,7118,6,Incineration,3278,2,Jabalpur Landfill,"20.0639, 89.516",63720,2022
Jabalpur,Construction,9076,37,7118,10,Landfill,1340,15,Jabalpur Landfill,"20.0639, 89.516",63720,2022
Jabalpur,Hazardous,1907,74,7118,5,Incineration,557,6,Jabalpur Landfill,"20.0639, 89.516",63720,2022
Jabalpur,Plastic,4114,42,7118,6,Recycling,2176,1,Jabalpur Landfill,"20.0639, 89.516",63720,2023
Jabalpur,Organic,2259,75,7118,10,Recycling,1100,5,Jabalpur Landfill,"20.0639, 89.516",63720,2023
Jabalpur,E-Waste,9698,79,7118,8,Incineration,3131,15,Jabalpur Landfill,"20.0639, 89.516",63720,2023
Jabalpur,Construction,2595,81,7118,7,Composting,993,14,Jabalpur Landfill,"20.0639, 89.516",63720,2023
Jabalpur,Hazardous,8135,79,7118,6,Composting,2933,3,Jabalpur Landfill,"20.0639, 89.516",63720,2023
Allahabad,Plastic,6010,71,19181,5,Incineration,915,0,Allahabad Landfill,"35.9642, 87.6951",35432,2019
Allahabad,Organic,2008,54,19181,5,Recycling,1878,5,Allahabad Landfill,"35.9642, 87.6951",35432,2019
Allahabad,E-Waste,7959,71,19181,7,Incineration,4898,8,Allahabad Landfill,"35.9642, 87.6951",35432,2019
Allahabad,Construction,3618,73,19181,5,Recycling,1318,12,Allahabad Landfill,"35.9642, 87.6951",35432,2019
Allahabad,Hazardous,5820,34,19181,7,Composting,4725,6,Allahabad Landfill,"35.9642, 87.6951",35432,2019
Allahabad,Plastic,4462,55,19181,5,Recycling,4317,16,Allahabad Landfill,"35.9642, 87.6951",35432,2020
Allahabad,Organic,5920,54,19181,6,Recycling,2492,6,Allahabad Landfill,"35.9642, 87.6951",35432,2020
Allahabad,E-Waste,9769,38,19181,6,Composting,1976,6,Allahabad Landfill,"35.9642, 87.6951",35432,2020
Allahabad,Construction,4796,78,19181,8,Landfill,3524,4,Allahabad Landfill,"35.9642, 87.6951",35432,2020
Allahabad,Hazardous,2461,39,19181,9,Incineration,1811,8,Allahabad Landfill,"35.9642, 87.6951",35432,2020
Allahabad,Plastic,9096,76,19181,5,Composting,3310,17,Allahabad Landfill,"35.9642, 87.6951",35432,2021
Allahabad,Organic,1944,53,19181,10,Landfill,3544,17,Allahabad Landfill,"35.9642, 87.6951",35432,2021
Allahabad,E-Waste,3083,58,19181,5,Composting,2181,9,Allahabad Landfill,"35.9642, 87.6951",35432,2021
Allahabad,Construction,9041,33,19181,9,Landfill,1487,2,Allahabad Landfill,"35.9642, 87.6951",35432,2021
Allahabad,Hazardous,2075,53,19181,9,Composting,1218,16,Allahabad Landfill,"35.9642, 87.6951",35432,2021
Allahabad,Plastic,9603,36,19181,6,Recycling,1145,17,Allahabad Landfill,"35.9642, 87.6951",35432,2022
Allahabad,Organic,4604,38,19181,6,Landfill,2987,13,Allahabad Landfill,"35.9642, 87.6951",35432,2022
Allahabad,E-Waste,5732,32,19181,7,Incineration,3137,19,Allahabad Landfill,"35.9642, 87.6951",35432,2022
Allahabad,Construction,9883,50,19181,6,Composting,4134,15,Allahabad Landfill,"35.9642, 87.6951",35432,2022
Allahabad,Hazardous,1331,74,19181,6,Composting,3021,4,Allahabad Landfill,"35.9642, 87.6951",35432,2022
Allahabad,Plastic,6209,47,19181,10,Landfill,2392,5,Allahabad Landfill,"35.9642, 87.6951",35432,2023
Allahabad,Organic,7713,63,19181,5,Composting,1504,6,Allahabad Landfill,"35.9642, 87.6951",35432,2023
Allahabad,E-Waste,4700,78,19181,6,Composting,4043,15,Allahabad Landfill,"35.9642, 87.6951",35432,2023
Allahabad,Construction,9415,69,19181,8,Recycling,3994,17,Allahabad Landfill,"35.9642, 87.6951",35432,2023
Allahabad,Hazardous,2712,54,19181,7,Landfill,3778,17,Allahabad Landfill,"35.9642, 87.6951",35432,2023
Visakhapatnam,Plastic,5770,75,12359,10,Recycling,849,12,Visakhapatnam Landfill,"12.4235, 85.6407",48016,2019
Visakhapatnam,Organic,3716,63,12359,9,Recycling,2761,9,Visakhapatnam Landfill,"12.4235, 85.6407",48016,2019
Visakhapatnam,E-Waste,1507,85,12359,7,Recycling,1357,8,Visakhapatnam Landfill,"12.4235, 85.6407",48016,2019
Visakhapatnam,Construction,6216,61,12359,5,Recycling,4944,1,Visakhapatnam Landfill,"12.4235, 85.6407",48016,2019
Visakhapatnam,Hazardous,5910,39,12359,5,Landfill,3743,15,Visakhapatnam Landfill,"12.4235, 85.6407",48016,2019
Visakhapatnam,Plastic,4884,56,12359,5,Recycling,895,11,Visakhapatnam Landfill,"12.4235, 85.6407",48016,2020
Visakhapatnam,Organic,7111,54,12359,5,Composting,1267,11,Visakhapatnam Landfill,"12.4235, 85.6407",48016,2020
Visakhapatnam,E-Waste,4042,78,12359,6,Landfill,1250,17,Visakhapatnam Landfill,"12.4235, 85.6407",48016,2020
Visakhapatnam,Construction,3381,48,12359,5,Landfill,4978,17,Visakhapatnam Landfill,"12.4235, 85.6407",48016,2020
Visakhapatnam,Hazardous,588,76,12359,8,Incineration,3832,15,Visakhapatnam Landfill,"12.4235, 85.6407",48016,2020
Visakhapatnam,Plastic,9354,73,12359,6,Landfill,1758,16,Visakhapatnam Landfill,"12.4235, 85.6407",48016,2021
Visakhapatnam,Organic,7018,53,12359,6,Recycling,4005,5,Visakhapatnam Landfill,"12.4235, 85.6407",48016,2021
Visakhapatnam,E-Waste,7321,31,12359,8,Composting,4193,11,Visakhapatnam Landfill,"12.4235, 85.6407",48016,2021
Visakhapatnam,Construction,9575,65,12359,6,Composting,3043,0,Visakhapatnam Landfill,"12.4235, 85.6407",48016,2021
Visakhapatnam,Hazardous,2751,30,12359,7,Composting,1396,17,Visakhapatnam Landfill,"12.4235, 85.6407",48016,2021
Visakhapatnam,Plastic,3074,77,12359,10,Composting,4735,14,Visakhapatnam Landfill,"12.4235, 85.6407",48016,2022
Visakhapatnam,Organic,4528,78,12359,8,Recycling,2938,18,Visakhapatnam Landfill,"12.4235, 85.6407",48016,2022
Visakhapatnam,E-Waste,545,68,12359,5,Incineration,4818,10,Visakhapatnam Landfill,"12.4235, 85.6407",48016,2022
Visakhapatnam,Construction,4931,58,12359,6,Composting,2921,0,Visakhapatnam Landfill,"12.4235, 85.6407",48016,2022
Visakhapatnam,Hazardous,7605,31,12359,8,Composting,1191,16,Visakhapatnam Landfill,"12.4235, 85.6407",48016,2022
Visakhapatnam,Plastic,7054,62,12359,6,Composting,1978,10,Visakhapatnam Landfill,"12.4235, 85.6407",48016,2023
Visakhapatnam,Organic,7615,39,12359,5,Recycling,3030,11,Visakhapatnam Landfill,"12.4235, 85.6407",48016,2023
Visakhapatnam,E-Waste,6752,48,12359,5,Composting,986,1,Visakhapatnam Landfill,"12.4235, 85.6407",48016,2023
Visakhapatnam,Construction,8160,58,12359,6,Incineration,3943,0,Visakhapatnam Landfill,"12.4235, 85.6407",48016,2023
Visakhapatnam,Hazardous,2622,85,12359,9,Recycling,1879,15,Visakhapatnam Landfill,"12.4235, 85.6407",48016,2023
Gwalior,Plastic,5559,49,11280,6,Recycling,735,5,Gwalior Landfill,"10.9566, 91.6565",54460,2019
Gwalior,Organic,549,32,11280,8,Composting,4300,7,Gwalior Landfill,"10.9566, 91.6565",54460,2019
Gwalior,E-Waste,6318,66,11280,9,Composting,3620,3,Gwalior Landfill,"10.9566, 91.6565",54460,2019
Gwalior,Construction,7388,74,11280,8,Landfill,3177,6,Gwalior Landfill,"10.9566, 91.6565",54460,2019
Gwalior,Hazardous,3629,34,11280,8,Incineration,4718,14,Gwalior Landfill,"10.9566, 91.6565",54460,2019
Gwalior,Plastic,4765,62,11280,10,Landfill,4218,3,Gwalior Landfill,"10.9566, 91.6565",54460,2020
Gwalior,Organic,9036,47,11280,5,Composting,3454,6,Gwalior Landfill,"10.9566, 91.6565",54460,2020
Gwalior,E-Waste,1600,85,11280,6,Composting,4572,6,Gwalior Landfill,"10.9566, 91.6565",54460,2020
Gwalior,Construction,5094,34,11280,5,Composting,3993,17,Gwalior Landfill,"10.9566, 91.6565",54460,2020
Gwalior,Hazardous,1827,49,11280,7,Incineration,1661,9,Gwalior Landfill,"10.9566, 91.6565",54460,2020
Gwalior,Plastic,2782,51,11280,9,Recycling,4711,14,Gwalior Landfill,"10.9566, 91.6565",54460,2021
Gwalior,Organic,9542,61,11280,7,Incineration,4239,2,Gwalior Landfill,"10.9566, 91.6565",54460,2021
Gwalior,E-Waste,5503,61,11280,8,Composting,1671,20,Gwalior Landfill,"10.9566, 91.6565",54460,2021
Gwalior,Construction,8284,45,11280,5,Landfill,3055,6,Gwalior Landfill,"10.9566, 91.6565",54460,2021
Gwalior,Hazardous,1014,51,11280,9,Recycling,1873,10,Gwalior Landfill,"10.9566, 91.6565",54460,2021
Gwalior,Plastic,3556,41,11280,10,Incineration,4042,2,Gwalior Landfill,"10.9566, 91.6565",54460,2022
Gwalior,Organic,9726,50,11280,10,Recycling,4444,7,Gwalior Landfill,"10.9566, 91.6565",54460,2022
Gwalior,E-Waste,5300,60,11280,5,Composting,669,15,Gwalior Landfill,"10.9566, 91.6565",54460,2022
Gwalior,Construction,7561,47,11280,8,Composting,3024,18,Gwalior Landfill,"10.9566, 91.6565",54460,2022
Gwalior,Hazardous,4272,41,11280,6,Incineration,4123,9,Gwalior Landfill,"10.9566, 91.6565",54460,2022
Gwalior,Plastic,6842,42,11280,8,Recycling,3546,15,Gwalior Landfill,"10.9566, 91.6565",54460,2023
Gwalior,Organic,5233,38,11280,10,Recycling,1146,5,Gwalior Landfill,"10.9566, 91.6565",54460,2023
Gwalior,E-Waste,9903,41,11280,7,Landfill,3260,4,Gwalior Landfill,"10.9566, 91.6565",54460,2023
Gwalior,Construction,7540,77,11280,6,Composting,4220,7,Gwalior Landfill,"10.9566, 91.6565",54460,2023
Gwalior,Hazardous,2480,58,11280,6,Composting,1081,19,Gwalior Landfill,"10.9566, 91.6565",54460,2023
